Dataset	Sample	Subject	Study.Group	Age	Age.Units	Gender	DOI	Publication.Name	BarcodeSequence	diet	Description
HE_INFANTS_MFGM_2019	BF.13.1	BF13	Baseline	2	Months	Female	10.1038/s41598-019-47953-4	Fecal microbiome and metabolome of infants fed bovine MFGM supplemented formula or standard formula with breast-fed infants as reference: a randomized controlled trial	ACACCTGA	Breast milk	BF_0
HE_INFANTS_MFGM_2019	BF.13.2	BF13	Without.comp.food	4	Months	Female	10.1038/s41598-019-47953-4	Fecal microbiome and metabolome of infants fed bovine MFGM supplemented formula or standard formula with breast-fed infants as reference: a randomized controlled trial	ACTCAGAC	Breast milk	BF_4
HE_INFANTS_MFGM_2019	BF.13.3	BF13	Without.comp.food	6	Months	Female	10.1038/s41598-019-47953-4	Fecal microbiome and metabolome of infants fed bovine MFGM supplemented formula or standard formula with breast-fed infants as reference: a randomized controlled trial	AGCTTCGA	Breast milk	BF_6
HE_INFANTS_MFGM_2019	BF.13.4	BF13	Month12	12	Months	Female	10.1038/s41598-019-47953-4	Fecal microbiome and metabolome of infants fed bovine MFGM supplemented formula or standard formula with breast-fed infants as reference: a randomized controlled trial	AACCGCTA	Breast milk	BF_12
HE_INFANTS_MFGM_2019	BF.14.1	BF14	Baseline	2	Months	Female	10.1038/s41598-019-47953-4	Fecal microbiome and metabolome of infants fed bovine MFGM supplemented formula or standard formula with breast-fed infants as reference: a randomized controlled trial	ACACGTGT	Breast milk	BF_0
HE_INFANTS_MFGM_2019	BF.14.2	BF14	Without.comp.food	4	Months	Female	10.1038/s41598-019-47953-4	Fecal microbiome and metabolome of infants fed bovine MFGM supplemented formula or standard formula with breast-fed infants as reference: a randomized controlled trial	CAACGTAC	Breast milk	BF_4
HE_INFANTS_MFGM_2019	BF.14.3	BF14	With.comp.food	6	Months	Female	10.1038/s41598-019-47953-4	Fecal microbiome and metabolome of infants fed bovine MFGM supplemented formula or standard formula with breast-fed infants as reference: a randomized controlled trial	AGGAACGT	Breast milk	BF_6
HE_INFANTS_MFGM_2019	BF.14.4	BF14	Month12	12	Months	Female	10.1038/s41598-019-47953-4	Fecal microbiome and metabolome of infants fed bovine MFGM supplemented formula or standard formula with breast-fed infants as reference: a randomized controlled trial	ATCGCGAT	Breast milk	BF_12
HE_INFANTS_MFGM_2019	BF.2.2	BF2	Without.comp.food	4	Months	Female	10.1038/s41598-019-47953-4	Fecal microbiome and metabolome of infants fed bovine MFGM supplemented formula or standard formula with breast-fed infants as reference: a randomized controlled trial	ACGATCGT	Breast milk	BF_4
HE_INFANTS_MFGM_2019	BF.2.3	BF2	Without.comp.food	6	Months	Female	10.1038/s41598-019-47953-4	Fecal microbiome and metabolome of infants fed bovine MFGM supplemented formula or standard formula with breast-fed infants as reference: a randomized controlled trial	AGCACATC	Breast milk	BF_6
HE_INFANTS_MFGM_2019	BF.2.4	BF2	Month12	12	Months	Female	10.1038/s41598-019-47953-4	Fecal microbiome and metabolome of infants fed bovine MFGM supplemented formula or standard formula with breast-fed infants as reference: a randomized controlled trial	ATAAGCGG	Breast milk	BF_12
HE_INFANTS_MFGM_2019	BF.23.2	BF23	Without.comp.food	4	Months	Female	10.1038/s41598-019-47953-4	Fecal microbiome and metabolome of infants fed bovine MFGM supplemented formula or standard formula with breast-fed infants as reference: a randomized controlled trial	ACTGCACA	Breast milk	BF_4
HE_INFANTS_MFGM_2019	BF.24.1	BF24	Baseline	2	Months	Female	10.1038/s41598-019-47953-4	Fecal microbiome and metabolome of infants fed bovine MFGM supplemented formula or standard formula with breast-fed infants as reference: a randomized controlled trial	ACAGTCAC	Breast milk	BF_0
HE_INFANTS_MFGM_2019	BF.24.2	BF24	Without.comp.food	4	Months	Female	10.1038/s41598-019-47953-4	Fecal microbiome and metabolome of infants fed bovine MFGM supplemented formula or standard formula with breast-fed infants as reference: a randomized controlled trial	ACTGCAGT	Breast milk	BF_4
HE_INFANTS_MFGM_2019	BF.24.3	BF24	With.comp.food	6	Months	Female	10.1038/s41598-019-47953-4	Fecal microbiome and metabolome of infants fed bovine MFGM supplemented formula or standard formula with breast-fed infants as reference: a randomized controlled trial	AGGTAGCA	Breast milk	BF_6
HE_INFANTS_MFGM_2019	BF.27.1	BF27	Baseline	2	Months	Female	10.1038/s41598-019-47953-4	Fecal microbiome and metabolome of infants fed bovine MFGM supplemented formula or standard formula with breast-fed infants as reference: a randomized controlled trial	AAGCAACG	Breast milk	BF_0
HE_INFANTS_MFGM_2019	BF.27.3	BF27	Without.comp.food	6	Months	Female	10.1038/s41598-019-47953-4	Fecal microbiome and metabolome of infants fed bovine MFGM supplemented formula or standard formula with breast-fed infants as reference: a randomized controlled trial	AGGTACCT	Breast milk	BF_6
HE_INFANTS_MFGM_2019	BF.27.4	BF27	Month12	12	Months	Female	10.1038/s41598-019-47953-4	Fecal microbiome and metabolome of infants fed bovine MFGM supplemented formula or standard formula with breast-fed infants as reference: a randomized controlled trial	ATGCCGTA	Breast milk	BF_12
HE_INFANTS_MFGM_2019	BF.31.1	BF31	Baseline	2	Months	Female	10.1038/s41598-019-47953-4	Fecal microbiome and metabolome of infants fed bovine MFGM supplemented formula or standard formula with breast-fed infants as reference: a randomized controlled trial	ACCATCGA	Breast milk	BF_0
HE_INFANTS_MFGM_2019	BF.31.2	BF31	Without.comp.food	4	Months	Female	10.1038/s41598-019-47953-4	Fecal microbiome and metabolome of infants fed bovine MFGM supplemented formula or standard formula with breast-fed infants as reference: a randomized controlled trial	AGACCTCA	Breast milk	BF_4
HE_INFANTS_MFGM_2019	BF.31.3	BF31	With.comp.food	6	Months	Female	10.1038/s41598-019-47953-4	Fecal microbiome and metabolome of infants fed bovine MFGM supplemented formula or standard formula with breast-fed infants as reference: a randomized controlled trial	AGTCAGAG	Breast milk	BF_6
HE_INFANTS_MFGM_2019	BF.31.4	BF31	Month12	12	Months	Female	10.1038/s41598-019-47953-4	Fecal microbiome and metabolome of infants fed bovine MFGM supplemented formula or standard formula with breast-fed infants as reference: a randomized controlled trial	ATGGCGTT	Breast milk	BF_12
HE_INFANTS_MFGM_2019	BF.32.2	BF32	Without.comp.food	4	Months	Female	10.1038/s41598-019-47953-4	Fecal microbiome and metabolome of infants fed bovine MFGM supplemented formula or standard formula with breast-fed infants as reference: a randomized controlled trial	CAACTCCT	Breast milk	BF_4
HE_INFANTS_MFGM_2019	BF.32.3	BF32	With.comp.food	6	Months	Female	10.1038/s41598-019-47953-4	Fecal microbiome and metabolome of infants fed bovine MFGM supplemented formula or standard formula with breast-fed infants as reference: a randomized controlled trial	AGTCAGTC	Breast milk	BF_6
HE_INFANTS_MFGM_2019	BF.32.4	BF32	Month12	12	Months	Female	10.1038/s41598-019-47953-4	Fecal microbiome and metabolome of infants fed bovine MFGM supplemented formula or standard formula with breast-fed infants as reference: a randomized controlled trial	ATGGTACC	Breast milk	BF_12
HE_INFANTS_MFGM_2019	BF.34.3	BF34	With.comp.food	6	Months	Female	10.1038/s41598-019-47953-4	Fecal microbiome and metabolome of infants fed bovine MFGM supplemented formula or standard formula with breast-fed infants as reference: a randomized controlled trial	AGTCCACA	Breast milk	BF_6
HE_INFANTS_MFGM_2019	BF.34.4	BF34	Month12	12	Months	Female	10.1038/s41598-019-47953-4	Fecal microbiome and metabolome of infants fed bovine MFGM supplemented formula or standard formula with breast-fed infants as reference: a randomized controlled trial	ATGGTAGG	Breast milk	BF_12
HE_INFANTS_MFGM_2019	BF.35.3	BF35	With.comp.food	6	Months	Female	10.1038/s41598-019-47953-4	Fecal microbiome and metabolome of infants fed bovine MFGM supplemented formula or standard formula with breast-fed infants as reference: a randomized controlled trial	AGTCCTCT	Breast milk	BF_6
HE_INFANTS_MFGM_2019	BF.35.4	BF35	Month12	12	Months	Female	10.1038/s41598-019-47953-4	Fecal microbiome and metabolome of infants fed bovine MFGM supplemented formula or standard formula with breast-fed infants as reference: a randomized controlled trial	ATTACCGG	Breast milk	BF_12
HE_INFANTS_MFGM_2019	BF.36.3	BF36	With.comp.food	6	Months	Female	10.1038/s41598-019-47953-4	Fecal microbiome and metabolome of infants fed bovine MFGM supplemented formula or standard formula with breast-fed infants as reference: a randomized controlled trial	AGTCCAGT	Breast milk	BF_6
HE_INFANTS_MFGM_2019	BF.36.4	BF36	Month12	12	Months	Female	10.1038/s41598-019-47953-4	Fecal microbiome and metabolome of infants fed bovine MFGM supplemented formula or standard formula with breast-fed infants as reference: a randomized controlled trial	ATGGTTGC	Breast milk	BF_12
HE_INFANTS_MFGM_2019	BF.40.1	BF40	Baseline	2	Months	Female	10.1038/s41598-019-47953-4	Fecal microbiome and metabolome of infants fed bovine MFGM supplemented formula or standard formula with breast-fed infants as reference: a randomized controlled trial	ACCTGAAC	Breast milk	BF_0
HE_INFANTS_MFGM_2019	BF.40.2	BF40	Without.comp.food	4	Months	Female	10.1038/s41598-019-47953-4	Fecal microbiome and metabolome of infants fed bovine MFGM supplemented formula or standard formula with breast-fed infants as reference: a randomized controlled trial	AACGCCTA	Breast milk	BF_4
HE_INFANTS_MFGM_2019	BF.40.4	BF40	Month12	12	Months	Female	10.1038/s41598-019-47953-4	Fecal microbiome and metabolome of infants fed bovine MFGM supplemented formula or standard formula with breast-fed infants as reference: a randomized controlled trial	CAACACCA	Breast milk	BF_12
HE_INFANTS_MFGM_2019	BF.6.1	BF6	Baseline	2	Months	Female	10.1038/s41598-019-47953-4	Fecal microbiome and metabolome of infants fed bovine MFGM supplemented formula or standard formula with breast-fed infants as reference: a randomized controlled trial	AAGGCGAT	Breast milk	BF_0
HE_INFANTS_MFGM_2019	BF.6.3	BF6	With.comp.food	6	Months	Female	10.1038/s41598-019-47953-4	Fecal microbiome and metabolome of infants fed bovine MFGM supplemented formula or standard formula with breast-fed infants as reference: a randomized controlled trial	AGCACTAC	Breast milk	BF_6
HE_INFANTS_MFGM_2019	BF.7.1	BF7	Baseline	2	Months	Female	10.1038/s41598-019-47953-4	Fecal microbiome and metabolome of infants fed bovine MFGM supplemented formula or standard formula with breast-fed infants as reference: a randomized controlled trial	AAGGCGTA	Breast milk	BF_0
HE_INFANTS_MFGM_2019	BF.7.2	BF7	Without.comp.food	4	Months	Female	10.1038/s41598-019-47953-4	Fecal microbiome and metabolome of infants fed bovine MFGM supplemented formula or standard formula with breast-fed infants as reference: a randomized controlled trial	ACGATGCT	Breast milk	BF_4
HE_INFANTS_MFGM_2019	BF.7.3	BF7	With.comp.food	6	Months	Female	10.1038/s41598-019-47953-4	Fecal microbiome and metabolome of infants fed bovine MFGM supplemented formula or standard formula with breast-fed infants as reference: a randomized controlled trial	AGCACTTG	Breast milk	BF_6
HE_INFANTS_MFGM_2019	BF.7.4	BF7	Month12	12	Months	Female	10.1038/s41598-019-47953-4	Fecal microbiome and metabolome of infants fed bovine MFGM supplemented formula or standard formula with breast-fed infants as reference: a randomized controlled trial	ATAAGGCG	Breast milk	BF_12
HE_INFANTS_MFGM_2019	BF.9.1b	BF9	Baseline	2	Months	Female	10.1038/s41598-019-47953-4	Fecal microbiome and metabolome of infants fed bovine MFGM supplemented formula or standard formula with breast-fed infants as reference: a randomized controlled trial	AAGCATCC	Breast milk	BF_0
HE_INFANTS_MFGM_2019	BF.9.3	BF9	With.comp.food	6	Months	Female	10.1038/s41598-019-47953-4	Fecal microbiome and metabolome of infants fed bovine MFGM supplemented formula or standard formula with breast-fed infants as reference: a randomized controlled trial	AGCTACGT	Breast milk	BF_6
HE_INFANTS_MFGM_2019	BF.9.4	BF9	Month12	12	Months	Female	10.1038/s41598-019-47953-4	Fecal microbiome and metabolome of infants fed bovine MFGM supplemented formula or standard formula with breast-fed infants as reference: a randomized controlled trial	ATCCATCC	Breast milk	BF_12
HE_INFANTS_MFGM_2019	BP.10.2	BP10	Without.comp.food	4	Months	Male	10.1038/s41598-019-47953-4	Fecal microbiome and metabolome of infants fed bovine MFGM supplemented formula or standard formula with breast-fed infants as reference: a randomized controlled trial	ACGTACGT	Breast milk	BF_4
HE_INFANTS_MFGM_2019	BP.10.3	BP10	With.comp.food	6	Months	Male	10.1038/s41598-019-47953-4	Fecal microbiome and metabolome of infants fed bovine MFGM supplemented formula or standard formula with breast-fed infants as reference: a randomized controlled trial	AGCAGTTC	Breast milk	BF_6
HE_INFANTS_MFGM_2019	BP.10.4	BP10	Month12	12	Months	Male	10.1038/s41598-019-47953-4	Fecal microbiome and metabolome of infants fed bovine MFGM supplemented formula or standard formula with breast-fed infants as reference: a randomized controlled trial	ATATGCCG	Breast milk	BF_12
HE_INFANTS_MFGM_2019	BP.13.1	BP13	Baseline	2	Months	Male	10.1038/s41598-019-47953-4	Fecal microbiome and metabolome of infants fed bovine MFGM supplemented formula or standard formula with breast-fed infants as reference: a randomized controlled trial	AATAGGCG	Breast milk	BF_0
HE_INFANTS_MFGM_2019	BP.13.2	BP13	Without.comp.food	4	Months	Male	10.1038/s41598-019-47953-4	Fecal microbiome and metabolome of infants fed bovine MFGM supplemented formula or standard formula with breast-fed infants as reference: a randomized controlled trial	ACGTCTAG	Breast milk	BF_4
HE_INFANTS_MFGM_2019	BP.13.3	BP13	With.comp.food	6	Months	Male	10.1038/s41598-019-47953-4	Fecal microbiome and metabolome of infants fed bovine MFGM supplemented formula or standard formula with breast-fed infants as reference: a randomized controlled trial	AGCATGGA	Breast milk	BF_6
HE_INFANTS_MFGM_2019	BP.13.4	BP13	Month12	12	Months	Male	10.1038/s41598-019-47953-4	Fecal microbiome and metabolome of infants fed bovine MFGM supplemented formula or standard formula with breast-fed infants as reference: a randomized controlled trial	ATCCAAGC	Breast milk	BF_12
HE_INFANTS_MFGM_2019	BP.14.3	BP14	Without.comp.food	6	Months	Male	10.1038/s41598-019-47953-4	Fecal microbiome and metabolome of infants fed bovine MFGM supplemented formula or standard formula with breast-fed infants as reference: a randomized controlled trial	AGCTAGGA	Breast milk	BF_6
HE_INFANTS_MFGM_2019	BP.14.4	BP14	Month12	12	Months	Male	10.1038/s41598-019-47953-4	Fecal microbiome and metabolome of infants fed bovine MFGM supplemented formula or standard formula with breast-fed infants as reference: a randomized controlled trial	ATCCGCAA	Breast milk	BF_12
HE_INFANTS_MFGM_2019	BP.22.1	BP22	Baseline	2	Months	Male	10.1038/s41598-019-47953-4	Fecal microbiome and metabolome of infants fed bovine MFGM supplemented formula or standard formula with breast-fed infants as reference: a randomized controlled trial	ACACGACT	Breast milk	BF_0
HE_INFANTS_MFGM_2019	BP.22.2	BP22	Without.comp.food	4	Months	Male	10.1038/s41598-019-47953-4	Fecal microbiome and metabolome of infants fed bovine MFGM supplemented formula or standard formula with breast-fed infants as reference: a randomized controlled trial	ACTCAGTG	Breast milk	BF_4
HE_INFANTS_MFGM_2019	BP.22.3	BP22	With.comp.food	6	Months	Male	10.1038/s41598-019-47953-4	Fecal microbiome and metabolome of infants fed bovine MFGM supplemented formula or standard formula with breast-fed infants as reference: a randomized controlled trial	AGCTTGCA	Breast milk	BF_6
HE_INFANTS_MFGM_2019	BP.22.4	BP22	Month12	12	Months	Male	10.1038/s41598-019-47953-4	Fecal microbiome and metabolome of infants fed bovine MFGM supplemented formula or standard formula with breast-fed infants as reference: a randomized controlled trial	ATCGCCAA	Breast milk	BF_12
HE_INFANTS_MFGM_2019	BP.23.2	BP23	Without.comp.food	4	Months	Male	10.1038/s41598-019-47953-4	Fecal microbiome and metabolome of infants fed bovine MFGM supplemented formula or standard formula with breast-fed infants as reference: a randomized controlled trial	ACTCCACT	Breast milk	BF_4
HE_INFANTS_MFGM_2019	BP.23.3	BP23	Without.comp.food	6	Months	Male	10.1038/s41598-019-47953-4	Fecal microbiome and metabolome of infants fed bovine MFGM supplemented formula or standard formula with breast-fed infants as reference: a randomized controlled trial	AGCTTGGT	Breast milk	BF_6
HE_INFANTS_MFGM_2019	BP.30.1	BP30	Baseline	2	Months	Male	10.1038/s41598-019-47953-4	Fecal microbiome and metabolome of infants fed bovine MFGM supplemented formula or standard formula with breast-fed infants as reference: a randomized controlled trial	ACAGACTC	Breast milk	BF_0
HE_INFANTS_MFGM_2019	BP.30.2	BP30	Without.comp.food	4	Months	Male	10.1038/s41598-019-47953-4	Fecal microbiome and metabolome of infants fed bovine MFGM supplemented formula or standard formula with breast-fed infants as reference: a randomized controlled trial	ACTCTCAC	Breast milk	BF_4
HE_INFANTS_MFGM_2019	BP.30.3	BP30	Without.comp.food	6	Months	Male	10.1038/s41598-019-47953-4	Fecal microbiome and metabolome of infants fed bovine MFGM supplemented formula or standard formula with breast-fed infants as reference: a randomized controlled trial	AGGAGAAG	Breast milk	BF_6
HE_INFANTS_MFGM_2019	BP.30.4	BP30	Month12	12	Months	Male	10.1038/s41598-019-47953-4	Fecal microbiome and metabolome of infants fed bovine MFGM supplemented formula or standard formula with breast-fed infants as reference: a randomized controlled trial	ATCGTAGC	Breast milk	BF_12
HE_INFANTS_MFGM_2019	BP.31.1	BP31	Baseline	2	Months	Male	10.1038/s41598-019-47953-4	Fecal microbiome and metabolome of infants fed bovine MFGM supplemented formula or standard formula with breast-fed infants as reference: a randomized controlled trial	ACAGAGTG	Breast milk	BF_0
HE_INFANTS_MFGM_2019	BP.31.2	BP31	Without.comp.food	4	Months	Male	10.1038/s41598-019-47953-4	Fecal microbiome and metabolome of infants fed bovine MFGM supplemented formula or standard formula with breast-fed infants as reference: a randomized controlled trial	ACTCTGAG	Breast milk	BF_4
HE_INFANTS_MFGM_2019	BP.31.3	BP31	Without.comp.food	6	Months	Male	10.1038/s41598-019-47953-4	Fecal microbiome and metabolome of infants fed bovine MFGM supplemented formula or standard formula with breast-fed infants as reference: a randomized controlled trial	AGGAGTAC	Breast milk	BF_6
HE_INFANTS_MFGM_2019	BP.36.1	BP36	Baseline	2	Months	Male	10.1038/s41598-019-47953-4	Fecal microbiome and metabolome of infants fed bovine MFGM supplemented formula or standard formula with breast-fed infants as reference: a randomized controlled trial	ACCAACCA	Breast milk	BF_0
HE_INFANTS_MFGM_2019	BP.36.3	BP36	Without.comp.food	6	Months	Male	10.1038/s41598-019-47953-4	Fecal microbiome and metabolome of infants fed bovine MFGM supplemented formula or standard formula with breast-fed infants as reference: a randomized controlled trial	AGGTCTAC	Breast milk	BF_6
HE_INFANTS_MFGM_2019	BP.36.4	BP36	Month12	12	Months	Male	10.1038/s41598-019-47953-4	Fecal microbiome and metabolome of infants fed bovine MFGM supplemented formula or standard formula with breast-fed infants as reference: a randomized controlled trial	ATGCTACG	Breast milk	BF_12
HE_INFANTS_MFGM_2019	BP.39.1	BP39	Baseline	2	Months	Male	10.1038/s41598-019-47953-4	Fecal microbiome and metabolome of infants fed bovine MFGM supplemented formula or standard formula with breast-fed infants as reference: a randomized controlled trial	ACCATCCT	Breast milk	BF_0
HE_INFANTS_MFGM_2019	BP.39.2	BP39	Without.comp.food	4	Months	Male	10.1038/s41598-019-47953-4	Fecal microbiome and metabolome of infants fed bovine MFGM supplemented formula or standard formula with breast-fed infants as reference: a randomized controlled trial	AGACCAGA	Breast milk	BF_4
HE_INFANTS_MFGM_2019	BP.39.3	BP39	Without.comp.food	6	Months	Male	10.1038/s41598-019-47953-4	Fecal microbiome and metabolome of infants fed bovine MFGM supplemented formula or standard formula with breast-fed infants as reference: a randomized controlled trial	AGTCACTG	Breast milk	BF_6
HE_INFANTS_MFGM_2019	BP.39.4	BP39	Month12	12	Months	Male	10.1038/s41598-019-47953-4	Fecal microbiome and metabolome of infants fed bovine MFGM supplemented formula or standard formula with breast-fed infants as reference: a randomized controlled trial	ATGGCGAA	Breast milk	BF_12
HE_INFANTS_MFGM_2019	BP.4.2	BP4	Without.comp.food	4	Months	Male	10.1038/s41598-019-47953-4	Fecal microbiome and metabolome of infants fed bovine MFGM supplemented formula or standard formula with breast-fed infants as reference: a randomized controlled trial	ACGATCCA	Breast milk	BF_4
HE_INFANTS_MFGM_2019	BP.4.3b	BP4	With.comp.food	6	Months	Male	10.1038/s41598-019-47953-4	Fecal microbiome and metabolome of infants fed bovine MFGM supplemented formula or standard formula with breast-fed infants as reference: a randomized controlled trial	AAGCCGAA	Breast milk	BF_6
HE_INFANTS_MFGM_2019	BP.4.4	BP4	Month12	12	Months	Male	10.1038/s41598-019-47953-4	Fecal microbiome and metabolome of infants fed bovine MFGM supplemented formula or standard formula with breast-fed infants as reference: a randomized controlled trial	ATAACGCC	Breast milk	BF_12
HE_INFANTS_MFGM_2019	BP.8.1	BP8	Baseline	2	Months	Male	10.1038/s41598-019-47953-4	Fecal microbiome and metabolome of infants fed bovine MFGM supplemented formula or standard formula with breast-fed infants as reference: a randomized controlled trial	AAGGTAGC	Breast milk	BF_0
HE_INFANTS_MFGM_2019	BP.8.2	BP8	Without.comp.food	4	Months	Male	10.1038/s41598-019-47953-4	Fecal microbiome and metabolome of infants fed bovine MFGM supplemented formula or standard formula with breast-fed infants as reference: a randomized controlled trial	ACGTACCA	Breast milk	BF_4
HE_INFANTS_MFGM_2019	BP.8.3	BP8	Without.comp.food	6	Months	Male	10.1038/s41598-019-47953-4	Fecal microbiome and metabolome of infants fed bovine MFGM supplemented formula or standard formula with breast-fed infants as reference: a randomized controlled trial	AGCAGTAG	Breast milk	BF_6
HE_INFANTS_MFGM_2019	BP.8.4	BP8	Month12	12	Months	Male	10.1038/s41598-019-47953-4	Fecal microbiome and metabolome of infants fed bovine MFGM supplemented formula or standard formula with breast-fed infants as reference: a randomized controlled trial	ATATCGGC	Breast milk	BF_12
HE_INFANTS_MFGM_2019	EF.1.1	EF1	Baseline	2	Months	Female	10.1038/s41598-019-47953-4	Fecal microbiome and metabolome of infants fed bovine MFGM supplemented formula or standard formula with breast-fed infants as reference: a randomized controlled trial	AAGCGGTA	Standard infant formula	SF_0
HE_INFANTS_MFGM_2019	EF.1.2	EF1	Without.comp.food	4	Months	Female	10.1038/s41598-019-47953-4	Fecal microbiome and metabolome of infants fed bovine MFGM supplemented formula or standard formula with breast-fed infants as reference: a randomized controlled trial	ACGACAAG	Standard infant formula	SF_4
HE_INFANTS_MFGM_2019	EF.1.3	EF1	With.comp.food	6	Months	Female	10.1038/s41598-019-47953-4	Fecal microbiome and metabolome of infants fed bovine MFGM supplemented formula or standard formula with breast-fed infants as reference: a randomized controlled trial	AACCAACC	Standard infant formula	SF_6
HE_INFANTS_MFGM_2019	EF.1.4	EF1	Month12	12	Months	Female	10.1038/s41598-019-47953-4	Fecal microbiome and metabolome of infants fed bovine MFGM supplemented formula or standard formula with breast-fed infants as reference: a randomized controlled trial	AGTGGACA	Standard infant formula	SF_12
HE_INFANTS_MFGM_2019	EF.11.3	EF11	With.comp.food	6	Months	Female	10.1038/s41598-019-47953-4	Fecal microbiome and metabolome of infants fed bovine MFGM supplemented formula or standard formula with breast-fed infants as reference: a randomized controlled trial	AACGCGAA	Experimental infant formula	EF_6
HE_INFANTS_MFGM_2019	EF.11.4	EF11	Month12	12	Months	Female	10.1038/s41598-019-47953-4	Fecal microbiome and metabolome of infants fed bovine MFGM supplemented formula or standard formula with breast-fed infants as reference: a randomized controlled trial	ATATCCGG	Experimental infant formula	EF_12
HE_INFANTS_MFGM_2019	EF.12.1	EF12	Baseline	2	Months	Female	10.1038/s41598-019-47953-4	Fecal microbiome and metabolome of infants fed bovine MFGM supplemented formula or standard formula with breast-fed infants as reference: a randomized controlled trial	AAGGTACG	Experimental infant formula	EF_0
HE_INFANTS_MFGM_2019	EF.12.2	EF12	Without.comp.food	4	Months	Female	10.1038/s41598-019-47953-4	Fecal microbiome and metabolome of infants fed bovine MFGM supplemented formula or standard formula with breast-fed infants as reference: a randomized controlled trial	ACGATGGA	Experimental infant formula	EF_4
HE_INFANTS_MFGM_2019	EF.12.3	EF12	With.comp.food	6	Months	Female	10.1038/s41598-019-47953-4	Fecal microbiome and metabolome of infants fed bovine MFGM supplemented formula or standard formula with breast-fed infants as reference: a randomized controlled trial	AGCAGATG	Experimental infant formula	EF_6
HE_INFANTS_MFGM_2019	EF.12.4	EF12	Month12	12	Months	Female	10.1038/s41598-019-47953-4	Fecal microbiome and metabolome of infants fed bovine MFGM supplemented formula or standard formula with breast-fed infants as reference: a randomized controlled trial	ATATCGCG	Experimental infant formula	EF_12
HE_INFANTS_MFGM_2019	EF.13.1	EF13	Baseline	2	Months	Female	10.1038/s41598-019-47953-4	Fecal microbiome and metabolome of infants fed bovine MFGM supplemented formula or standard formula with breast-fed infants as reference: a randomized controlled trial	AAGGTTGG	Standard infant formula	SF_0
HE_INFANTS_MFGM_2019	EF.13.2	EF13	Without.comp.food	4	Months	Female	10.1038/s41598-019-47953-4	Fecal microbiome and metabolome of infants fed bovine MFGM supplemented formula or standard formula with breast-fed infants as reference: a randomized controlled trial	ACGTAGCT	Standard infant formula	SF_4
HE_INFANTS_MFGM_2019	EF.13.3	EF13	With.comp.food	6	Months	Female	10.1038/s41598-019-47953-4	Fecal microbiome and metabolome of infants fed bovine MFGM supplemented formula or standard formula with breast-fed infants as reference: a randomized controlled trial	AGCATCCA	Standard infant formula	SF_6
HE_INFANTS_MFGM_2019	EF.13.4	EF13	Month12	12	Months	Female	10.1038/s41598-019-47953-4	Fecal microbiome and metabolome of infants fed bovine MFGM supplemented formula or standard formula with breast-fed infants as reference: a randomized controlled trial	ATATGCGC	Standard infant formula	SF_12
HE_INFANTS_MFGM_2019	EF.15.2	EF15	Without.comp.food	4	Months	Female	10.1038/s41598-019-47953-4	Fecal microbiome and metabolome of infants fed bovine MFGM supplemented formula or standard formula with breast-fed infants as reference: a randomized controlled trial	ACGTAGGA	Experimental infant formula	EF_4
HE_INFANTS_MFGM_2019	EF.15.3	EF15	Without.comp.food	6	Months	Female	10.1038/s41598-019-47953-4	Fecal microbiome and metabolome of infants fed bovine MFGM supplemented formula or standard formula with breast-fed infants as reference: a randomized controlled trial	AGCATCGT	Experimental infant formula	EF_6
HE_INFANTS_MFGM_2019	EF.15.4	EF15	Month12	12	Months	Female	10.1038/s41598-019-47953-4	Fecal microbiome and metabolome of infants fed bovine MFGM supplemented formula or standard formula with breast-fed infants as reference: a randomized controlled trial	ATATGGCC	Experimental infant formula	EF_12
HE_INFANTS_MFGM_2019	EF.18.1	EF18	Baseline	2	Months	Female	10.1038/s41598-019-47953-4	Fecal microbiome and metabolome of infants fed bovine MFGM supplemented formula or standard formula with breast-fed infants as reference: a randomized controlled trial	AATTCCGG	Standard infant formula	SF_0
HE_INFANTS_MFGM_2019	EF.18.2	EF18	Without.comp.food	4	Months	Female	10.1038/s41598-019-47953-4	Fecal microbiome and metabolome of infants fed bovine MFGM supplemented formula or standard formula with breast-fed infants as reference: a randomized controlled trial	ACGTGAAG	Standard infant formula	SF_4
HE_INFANTS_MFGM_2019	EF.18.3	EF18	Without.comp.food	6	Months	Female	10.1038/s41598-019-47953-4	Fecal microbiome and metabolome of infants fed bovine MFGM supplemented formula or standard formula with breast-fed infants as reference: a randomized controlled trial	AGCTAGCT	Standard infant formula	SF_6
HE_INFANTS_MFGM_2019	EF.18.4	EF18	Month12	12	Months	Female	10.1038/s41598-019-47953-4	Fecal microbiome and metabolome of infants fed bovine MFGM supplemented formula or standard formula with breast-fed infants as reference: a randomized controlled trial	ATCCATGG	Standard infant formula	SF_12
HE_INFANTS_MFGM_2019	EF.3.1a	EF3	Baseline	2	Months	Female	10.1038/s41598-019-47953-4	Fecal microbiome and metabolome of infants fed bovine MFGM supplemented formula or standard formula with breast-fed infants as reference: a randomized controlled trial	AAGCTACC	Standard infant formula	SF_0
HE_INFANTS_MFGM_2019	EF.3.2	EF3	Without.comp.food	4	Months	Female	10.1038/s41598-019-47953-4	Fecal microbiome and metabolome of infants fed bovine MFGM supplemented formula or standard formula with breast-fed infants as reference: a randomized controlled trial	ACGACATC	Standard infant formula	SF_4
HE_INFANTS_MFGM_2019	EF.3.3	EF3	With.comp.food	6	Months	Female	10.1038/s41598-019-47953-4	Fecal microbiome and metabolome of infants fed bovine MFGM supplemented formula or standard formula with breast-fed infants as reference: a randomized controlled trial	AGAGTGAC	Standard infant formula	SF_6
HE_INFANTS_MFGM_2019	EF.3.4	EF3	Month12	12	Months	Female	10.1038/s41598-019-47953-4	Fecal microbiome and metabolome of infants fed bovine MFGM supplemented formula or standard formula with breast-fed infants as reference: a randomized controlled trial	AGTGGAGT	Standard infant formula	SF_12
HE_INFANTS_MFGM_2019	EF.33.1	EF33	Baseline	2	Months	Female	10.1038/s41598-019-47953-4	Fecal microbiome and metabolome of infants fed bovine MFGM supplemented formula or standard formula with breast-fed infants as reference: a randomized controlled trial	ACACCACA	Experimental infant formula	EF_0
HE_INFANTS_MFGM_2019	EF.33.2	EF33	Without.comp.food	4	Months	Female	10.1038/s41598-019-47953-4	Fecal microbiome and metabolome of infants fed bovine MFGM supplemented formula or standard formula with breast-fed infants as reference: a randomized controlled trial	ACTCACAG	Experimental infant formula	EF_4
HE_INFANTS_MFGM_2019	EF.33.3	EF33	With.comp.food	6	Months	Female	10.1038/s41598-019-47953-4	Fecal microbiome and metabolome of infants fed bovine MFGM supplemented formula or standard formula with breast-fed infants as reference: a randomized controlled trial	AGCTGTTG	Experimental infant formula	EF_6
HE_INFANTS_MFGM_2019	EF.33.4	EF33	Month12	12	Months	Female	10.1038/s41598-019-47953-4	Fecal microbiome and metabolome of infants fed bovine MFGM supplemented formula or standard formula with breast-fed infants as reference: a randomized controlled trial	ATCGAAGG	Experimental infant formula	EF_12
HE_INFANTS_MFGM_2019	EF.34.1	EF34	Baseline	2	Months	Female	10.1038/s41598-019-47953-4	Fecal microbiome and metabolome of infants fed bovine MFGM supplemented formula or standard formula with breast-fed infants as reference: a randomized controlled trial	ACACCAGT	Standard infant formula	SF_0
HE_INFANTS_MFGM_2019	EF.34.2	EF34	Without.comp.food	4	Months	Female	10.1038/s41598-019-47953-4	Fecal microbiome and metabolome of infants fed bovine MFGM supplemented formula or standard formula with breast-fed infants as reference: a randomized controlled trial	ACTCACTC	Standard infant formula	SF_4
HE_INFANTS_MFGM_2019	EF.34.3	EF34	With.comp.food	6	Months	Female	10.1038/s41598-019-47953-4	Fecal microbiome and metabolome of infants fed bovine MFGM supplemented formula or standard formula with breast-fed infants as reference: a randomized controlled trial	AGCTTCCT	Standard infant formula	SF_6
HE_INFANTS_MFGM_2019	EF.34.4	EF34	Month12	12	Months	Female	10.1038/s41598-019-47953-4	Fecal microbiome and metabolome of infants fed bovine MFGM supplemented formula or standard formula with breast-fed infants as reference: a randomized controlled trial	AACCGCAT	Standard infant formula	SF_12
HE_INFANTS_MFGM_2019	EF.41.1	EF41	Baseline	2	Months	Female	10.1038/s41598-019-47953-4	Fecal microbiome and metabolome of infants fed bovine MFGM supplemented formula or standard formula with breast-fed infants as reference: a randomized controlled trial	ACACTGTG	Experimental infant formula	EF_0
HE_INFANTS_MFGM_2019	EF.41.2	EF41	Without.comp.food	4	Months	Female	10.1038/s41598-019-47953-4	Fecal microbiome and metabolome of infants fed bovine MFGM supplemented formula or standard formula with breast-fed infants as reference: a randomized controlled trial	ACTCGTCT	Experimental infant formula	EF_4
HE_INFANTS_MFGM_2019	EF.41.3	EF41	With.comp.food	6	Months	Female	10.1038/s41598-019-47953-4	Fecal microbiome and metabolome of infants fed bovine MFGM supplemented formula or standard formula with breast-fed infants as reference: a randomized controlled trial	AGGACTAG	Experimental infant formula	EF_6
HE_INFANTS_MFGM_2019	EF.41.4	EF41	Month12	12	Months	Female	10.1038/s41598-019-47953-4	Fecal microbiome and metabolome of infants fed bovine MFGM supplemented formula or standard formula with breast-fed infants as reference: a randomized controlled trial	ATCGGCTA	Experimental infant formula	EF_12
HE_INFANTS_MFGM_2019	EF.43.1	EF43	Baseline	2	Months	Female	10.1038/s41598-019-47953-4	Fecal microbiome and metabolome of infants fed bovine MFGM supplemented formula or standard formula with breast-fed infants as reference: a randomized controlled trial	ACAGAGAC	Standard infant formula	SF_0
HE_INFANTS_MFGM_2019	EF.43.2	EF43	Without.comp.food	4	Months	Female	10.1038/s41598-019-47953-4	Fecal microbiome and metabolome of infants fed bovine MFGM supplemented formula or standard formula with breast-fed infants as reference: a randomized controlled trial	ACTCTCTG	Standard infant formula	SF_4
HE_INFANTS_MFGM_2019	EF.43.3	EF43	Without.comp.food	6	Months	Female	10.1038/s41598-019-47953-4	Fecal microbiome and metabolome of infants fed bovine MFGM supplemented formula or standard formula with breast-fed infants as reference: a randomized controlled trial	AGGAGATC	Standard infant formula	SF_6
HE_INFANTS_MFGM_2019	EF.43.4	EF43	Month12	12	Months	Female	10.1038/s41598-019-47953-4	Fecal microbiome and metabolome of infants fed bovine MFGM supplemented formula or standard formula with breast-fed infants as reference: a randomized controlled trial	ATCGTTCC	Standard infant formula	SF_12
HE_INFANTS_MFGM_2019	EF.46.1	EF46	Baseline	2	Months	Female	10.1038/s41598-019-47953-4	Fecal microbiome and metabolome of infants fed bovine MFGM supplemented formula or standard formula with breast-fed infants as reference: a randomized controlled trial	ACAGCTCA	Experimental infant formula	EF_0
HE_INFANTS_MFGM_2019	EF.46.2	EF46	Without.comp.food	4	Months	Female	10.1038/s41598-019-47953-4	Fecal microbiome and metabolome of infants fed bovine MFGM supplemented formula or standard formula with breast-fed infants as reference: a randomized controlled trial	ACTGACAC	Experimental infant formula	EF_4
HE_INFANTS_MFGM_2019	EF.46.3	EF46	With.comp.food	6	Months	Female	10.1038/s41598-019-47953-4	Fecal microbiome and metabolome of infants fed bovine MFGM supplemented formula or standard formula with breast-fed infants as reference: a randomized controlled trial	AGGATCCT	Experimental infant formula	EF_6
HE_INFANTS_MFGM_2019	EF.46.4	EF46	Month12	12	Months	Female	10.1038/s41598-019-47953-4	Fecal microbiome and metabolome of infants fed bovine MFGM supplemented formula or standard formula with breast-fed infants as reference: a randomized controlled trial	ATGCAACC	Experimental infant formula	EF_12
HE_INFANTS_MFGM_2019	EF.47.1	EF47	Baseline	2	Months	Female	10.1038/s41598-019-47953-4	Fecal microbiome and metabolome of infants fed bovine MFGM supplemented formula or standard formula with breast-fed infants as reference: a randomized controlled trial	ACAGCTGT	Experimental infant formula	EF_0
HE_INFANTS_MFGM_2019	EF.47.2	EF47	Without.comp.food	4	Months	Female	10.1038/s41598-019-47953-4	Fecal microbiome and metabolome of infants fed bovine MFGM supplemented formula or standard formula with breast-fed infants as reference: a randomized controlled trial	ACTGACTG	Experimental infant formula	EF_4
HE_INFANTS_MFGM_2019	EF.47.3	EF47	With.comp.food	6	Months	Female	10.1038/s41598-019-47953-4	Fecal microbiome and metabolome of infants fed bovine MFGM supplemented formula or standard formula with breast-fed infants as reference: a randomized controlled trial	AGGATCGA	Experimental infant formula	EF_6
HE_INFANTS_MFGM_2019	EF.47.4	EF47	Month12	12	Months	Female	10.1038/s41598-019-47953-4	Fecal microbiome and metabolome of infants fed bovine MFGM supplemented formula or standard formula with breast-fed infants as reference: a randomized controlled trial	ATGCAAGG	Experimental infant formula	EF_12
HE_INFANTS_MFGM_2019	EF.48.1	EF48	Baseline	2	Months	Female	10.1038/s41598-019-47953-4	Fecal microbiome and metabolome of infants fed bovine MFGM supplemented formula or standard formula with breast-fed infants as reference: a randomized controlled trial	AACCGGTT	Standard infant formula	SF_0
HE_INFANTS_MFGM_2019	EF.48.2	EF48	Without.comp.food	4	Months	Female	10.1038/s41598-019-47953-4	Fecal microbiome and metabolome of infants fed bovine MFGM supplemented formula or standard formula with breast-fed infants as reference: a randomized controlled trial	ACTGAGAG	Standard infant formula	SF_4
HE_INFANTS_MFGM_2019	EF.48.3	EF48	Without.comp.food	6	Months	Female	10.1038/s41598-019-47953-4	Fecal microbiome and metabolome of infants fed bovine MFGM supplemented formula or standard formula with breast-fed infants as reference: a randomized controlled trial	AGGATGCA	Standard infant formula	SF_6
HE_INFANTS_MFGM_2019	EF.48.4	EF48	Month12	12	Months	Female	10.1038/s41598-019-47953-4	Fecal microbiome and metabolome of infants fed bovine MFGM supplemented formula or standard formula with breast-fed infants as reference: a randomized controlled trial	ATGCATCG	Standard infant formula	SF_12
HE_INFANTS_MFGM_2019	EF.51.2	EF51	Without.comp.food	4	Months	Female	10.1038/s41598-019-47953-4	Fecal microbiome and metabolome of infants fed bovine MFGM supplemented formula or standard formula with breast-fed infants as reference: a randomized controlled trial	ACTGGAGA	Experimental infant formula	EF_4
HE_INFANTS_MFGM_2019	EF.51.3	EF51	With.comp.food	6	Months	Female	10.1038/s41598-019-47953-4	Fecal microbiome and metabolome of infants fed bovine MFGM supplemented formula or standard formula with breast-fed infants as reference: a randomized controlled trial	AGGTCATC	Experimental infant formula	EF_6
HE_INFANTS_MFGM_2019	EF.51.4	EF51	Month12	12	Months	Female	10.1038/s41598-019-47953-4	Fecal microbiome and metabolome of infants fed bovine MFGM supplemented formula or standard formula with breast-fed infants as reference: a randomized controlled trial	ATGCGGTT	Experimental infant formula	EF_12
HE_INFANTS_MFGM_2019	EF.54.1	EF54	Baseline	2	Months	Female	10.1038/s41598-019-47953-4	Fecal microbiome and metabolome of infants fed bovine MFGM supplemented formula or standard formula with breast-fed infants as reference: a randomized controlled trial	ACCACTAG	Standard infant formula	SF_0
HE_INFANTS_MFGM_2019	EF.54.2	EF54	Without.comp.food	4	Months	Female	10.1038/s41598-019-47953-4	Fecal microbiome and metabolome of infants fed bovine MFGM supplemented formula or standard formula with breast-fed infants as reference: a randomized controlled trial	ACTGTGTG	Standard infant formula	SF_4
HE_INFANTS_MFGM_2019	EF.54.3	EF54	With.comp.food	6	Months	Female	10.1038/s41598-019-47953-4	Fecal microbiome and metabolome of infants fed bovine MFGM supplemented formula or standard formula with breast-fed infants as reference: a randomized controlled trial	AGGTGTTC	Standard infant formula	SF_6
HE_INFANTS_MFGM_2019	EF.54.4	EF54	Month12	12	Months	Female	10.1038/s41598-019-47953-4	Fecal microbiome and metabolome of infants fed bovine MFGM supplemented formula or standard formula with breast-fed infants as reference: a randomized controlled trial	ATGGAACG	Standard infant formula	SF_12
HE_INFANTS_MFGM_2019	EF.55.1	EF55	Baseline	2	Months	Female	10.1038/s41598-019-47953-4	Fecal microbiome and metabolome of infants fed bovine MFGM supplemented formula or standard formula with breast-fed infants as reference: a randomized controlled trial	ACCAGAAG	Experimental infant formula	EF_0
HE_INFANTS_MFGM_2019	EF.55.2	EF55	With.comp.food	4	Months	Female	10.1038/s41598-019-47953-4	Fecal microbiome and metabolome of infants fed bovine MFGM supplemented formula or standard formula with breast-fed infants as reference: a randomized controlled trial	AGACACTC	Experimental infant formula	EF_4
HE_INFANTS_MFGM_2019	EF.55.3	EF55	With.comp.food	6	Months	Female	10.1038/s41598-019-47953-4	Fecal microbiome and metabolome of infants fed bovine MFGM supplemented formula or standard formula with breast-fed infants as reference: a randomized controlled trial	AGGTTCGT	Experimental infant formula	EF_6
HE_INFANTS_MFGM_2019	EF.55.4	EF55	Month12	12	Months	Female	10.1038/s41598-019-47953-4	Fecal microbiome and metabolome of infants fed bovine MFGM supplemented formula or standard formula with breast-fed infants as reference: a randomized controlled trial	ATGGATCC	Experimental infant formula	EF_12
HE_INFANTS_MFGM_2019	EF.56.1	EF56	Baseline	2	Months	Female	10.1038/s41598-019-47953-4	Fecal microbiome and metabolome of infants fed bovine MFGM supplemented formula or standard formula with breast-fed infants as reference: a randomized controlled trial	ACCACTTC	Standard infant formula	SF_0
HE_INFANTS_MFGM_2019	EF.56.2	EF56	Without.comp.food	4	Months	Female	10.1038/s41598-019-47953-4	Fecal microbiome and metabolome of infants fed bovine MFGM supplemented formula or standard formula with breast-fed infants as reference: a randomized controlled trial	AGACACAG	Standard infant formula	SF_4
HE_INFANTS_MFGM_2019	EF.56.3	EF56	With.comp.food	6	Months	Female	10.1038/s41598-019-47953-4	Fecal microbiome and metabolome of infants fed bovine MFGM supplemented formula or standard formula with breast-fed infants as reference: a randomized controlled trial	AGGTTCCA	Standard infant formula	SF_6
HE_INFANTS_MFGM_2019	EF.56.4	EF56	Month12	12	Months	Female	10.1038/s41598-019-47953-4	Fecal microbiome and metabolome of infants fed bovine MFGM supplemented formula or standard formula with breast-fed infants as reference: a randomized controlled trial	ATGGAAGC	Standard infant formula	SF_12
HE_INFANTS_MFGM_2019	EF.63.1	EF63	Baseline	2	Months	Female	10.1038/s41598-019-47953-4	Fecal microbiome and metabolome of infants fed bovine MFGM supplemented formula or standard formula with breast-fed infants as reference: a randomized controlled trial	ACCTAGCA	Standard infant formula	SF_0
HE_INFANTS_MFGM_2019	EF.63.2	EF63	Without.comp.food	4	Months	Female	10.1038/s41598-019-47953-4	Fecal microbiome and metabolome of infants fed bovine MFGM supplemented formula or standard formula with breast-fed infants as reference: a randomized controlled trial	AGACGTGA	Standard infant formula	SF_4
HE_INFANTS_MFGM_2019	EF.63.3	EF63	Without.comp.food	6	Months	Female	10.1038/s41598-019-47953-4	Fecal microbiome and metabolome of infants fed bovine MFGM supplemented formula or standard formula with breast-fed infants as reference: a randomized controlled trial	AGTCCTGA	Standard infant formula	SF_6
HE_INFANTS_MFGM_2019	EF.63.4	EF63	Month12	12	Months	Female	10.1038/s41598-019-47953-4	Fecal microbiome and metabolome of infants fed bovine MFGM supplemented formula or standard formula with breast-fed infants as reference: a randomized controlled trial	ATTACGCG	Standard infant formula	SF_12
HE_INFANTS_MFGM_2019	EF.65.1	EF65	Baseline	2	Months	Female	10.1038/s41598-019-47953-4	Fecal microbiome and metabolome of infants fed bovine MFGM supplemented formula or standard formula with breast-fed infants as reference: a randomized controlled trial	ACCTAGGT	Experimental infant formula	EF_0
HE_INFANTS_MFGM_2019	EF.65.2	EF65	Without.comp.food	4	Months	Female	10.1038/s41598-019-47953-4	Fecal microbiome and metabolome of infants fed bovine MFGM supplemented formula or standard formula with breast-fed infants as reference: a randomized controlled trial	AGACTCAC	Experimental infant formula	EF_4
HE_INFANTS_MFGM_2019	EF.65.3	EF65	With.comp.food	6	Months	Female	10.1038/s41598-019-47953-4	Fecal microbiome and metabolome of infants fed bovine MFGM supplemented formula or standard formula with breast-fed infants as reference: a randomized controlled trial	AGTCGACT	Experimental infant formula	EF_6
HE_INFANTS_MFGM_2019	EF.66.1	EF66	Baseline	2	Months	Female	10.1038/s41598-019-47953-4	Fecal microbiome and metabolome of infants fed bovine MFGM supplemented formula or standard formula with breast-fed infants as reference: a randomized controlled trial	ACCTCATC	Experimental infant formula	EF_0
HE_INFANTS_MFGM_2019	EF.66.2	EF66	Without.comp.food	4	Months	Female	10.1038/s41598-019-47953-4	Fecal microbiome and metabolome of infants fed bovine MFGM supplemented formula or standard formula with breast-fed infants as reference: a randomized controlled trial	AGACTGAG	Experimental infant formula	EF_4
HE_INFANTS_MFGM_2019	EF.66.3	EF66	With.comp.food	6	Months	Female	10.1038/s41598-019-47953-4	Fecal microbiome and metabolome of infants fed bovine MFGM supplemented formula or standard formula with breast-fed infants as reference: a randomized controlled trial	AGTCGTCA	Experimental infant formula	EF_6
HE_INFANTS_MFGM_2019	EF.66.4	EF66	Month12	12	Months	Female	10.1038/s41598-019-47953-4	Fecal microbiome and metabolome of infants fed bovine MFGM supplemented formula or standard formula with breast-fed infants as reference: a randomized controlled trial	ATTAGCCG	Experimental infant formula	EF_12
HE_INFANTS_MFGM_2019	EF.7.1	EF7	Baseline	2	Months	Female	10.1038/s41598-019-47953-4	Fecal microbiome and metabolome of infants fed bovine MFGM supplemented formula or standard formula with breast-fed infants as reference: a randomized controlled trial	AAGCTTCG	Experimental infant formula	EF_0
HE_INFANTS_MFGM_2019	EF.7.2	EF7	Without.comp.food	4	Months	Female	10.1038/s41598-019-47953-4	Fecal microbiome and metabolome of infants fed bovine MFGM supplemented formula or standard formula with breast-fed infants as reference: a randomized controlled trial	ACGACTTG	Experimental infant formula	EF_4
HE_INFANTS_MFGM_2019	EF.7.3	EF7	With.comp.food	6	Months	Female	10.1038/s41598-019-47953-4	Fecal microbiome and metabolome of infants fed bovine MFGM supplemented formula or standard formula with breast-fed infants as reference: a randomized controlled trial	AGCAACCT	Experimental infant formula	EF_6
HE_INFANTS_MFGM_2019	EF.7.4	EF7	Month12	12	Months	Female	10.1038/s41598-019-47953-4	Fecal microbiome and metabolome of infants fed bovine MFGM supplemented formula or standard formula with breast-fed infants as reference: a randomized controlled trial	AGTGGTGA	Experimental infant formula	EF_12
HE_INFANTS_MFGM_2019	EF.70.1	EF70	Baseline	2	Months	Female	10.1038/s41598-019-47953-4	Fecal microbiome and metabolome of infants fed bovine MFGM supplemented formula or standard formula with breast-fed infants as reference: a randomized controlled trial	ACCTGATG	Standard infant formula	SF_0
HE_INFANTS_MFGM_2019	EF.70.2	EF70	With.comp.food	4	Months	Female	10.1038/s41598-019-47953-4	Fecal microbiome and metabolome of infants fed bovine MFGM supplemented formula or standard formula with breast-fed infants as reference: a randomized controlled trial	AGAGAGAG	Standard infant formula	SF_4
HE_INFANTS_MFGM_2019	EF.70.3	EF70	With.comp.food	6	Months	Female	10.1038/s41598-019-47953-4	Fecal microbiome and metabolome of infants fed bovine MFGM supplemented formula or standard formula with breast-fed infants as reference: a randomized controlled trial	AGTCTGTG	Standard infant formula	SF_6
HE_INFANTS_MFGM_2019	EF.70.4	EF70	Month12	12	Months	Female	10.1038/s41598-019-47953-4	Fecal microbiome and metabolome of infants fed bovine MFGM supplemented formula or standard formula with breast-fed infants as reference: a randomized controlled trial	CAACACGT	Standard infant formula	SF_12
HE_INFANTS_MFGM_2019	EF.72.1	EF72	Baseline	2	Months	Female	10.1038/s41598-019-47953-4	Fecal microbiome and metabolome of infants fed bovine MFGM supplemented formula or standard formula with breast-fed infants as reference: a randomized controlled trial	ACCTTCGT	Standard infant formula	SF_0
HE_INFANTS_MFGM_2019	EF.72.2	EF72	Without.comp.food	4	Months	Female	10.1038/s41598-019-47953-4	Fecal microbiome and metabolome of infants fed bovine MFGM supplemented formula or standard formula with breast-fed infants as reference: a randomized controlled trial	AGAGCTCT	Standard infant formula	SF_4
HE_INFANTS_MFGM_2019	EF.72.3	EF72	With.comp.food	6	Months	Female	10.1038/s41598-019-47953-4	Fecal microbiome and metabolome of infants fed bovine MFGM supplemented formula or standard formula with breast-fed infants as reference: a randomized controlled trial	AGTGAGTG	Standard infant formula	SF_6
HE_INFANTS_MFGM_2019	EF.72.4	EF72	Month12	12	Months	Female	10.1038/s41598-019-47953-4	Fecal microbiome and metabolome of infants fed bovine MFGM supplemented formula or standard formula with breast-fed infants as reference: a randomized controlled trial	CAACCATG	Standard infant formula	SF_12
HE_INFANTS_MFGM_2019	EF.75.1	EF75	Baseline	2	Months	Female	10.1038/s41598-019-47953-4	Fecal microbiome and metabolome of infants fed bovine MFGM supplemented formula or standard formula with breast-fed infants as reference: a randomized controlled trial	AACGAACG	Standard infant formula	SF_0
HE_INFANTS_MFGM_2019	EF.75.2	EF75	Without.comp.food	4	Months	Female	10.1038/s41598-019-47953-4	Fecal microbiome and metabolome of infants fed bovine MFGM supplemented formula or standard formula with breast-fed infants as reference: a randomized controlled trial	AGAGGACT	Standard infant formula	SF_4
HE_INFANTS_MFGM_2019	EF.75.3	EF75	Without.comp.food	6	Months	Female	10.1038/s41598-019-47953-4	Fecal microbiome and metabolome of infants fed bovine MFGM supplemented formula or standard formula with breast-fed infants as reference: a randomized controlled trial	AGTGCAGA	Standard infant formula	SF_6
HE_INFANTS_MFGM_2019	EF.75.4	EF75	Month12	12	Months	Female	10.1038/s41598-019-47953-4	Fecal microbiome and metabolome of infants fed bovine MFGM supplemented formula or standard formula with breast-fed infants as reference: a randomized controlled trial	CAACCTTC	Standard infant formula	SF_12
HE_INFANTS_MFGM_2019	EF.79.1	EF79	Baseline	2	Months	Female	10.1038/s41598-019-47953-4	Fecal microbiome and metabolome of infants fed bovine MFGM supplemented formula or standard formula with breast-fed infants as reference: a randomized controlled trial	ACGAACCT	Experimental infant formula	EF_0
HE_INFANTS_MFGM_2019	EP.11.1	EP11	Baseline	2	Months	Male	10.1038/s41598-019-47953-4	Fecal microbiome and metabolome of infants fed bovine MFGM supplemented formula or standard formula with breast-fed infants as reference: a randomized controlled trial	AAGGAAGG	Standard infant formula	SF_0
HE_INFANTS_MFGM_2019	EP.11.2	EP11	Without.comp.food	4	Months	Male	10.1038/s41598-019-47953-4	Fecal microbiome and metabolome of infants fed bovine MFGM supplemented formula or standard formula with breast-fed infants as reference: a randomized controlled trial	ACGAGATG	Standard infant formula	SF_4
HE_INFANTS_MFGM_2019	EP.11.3	EP11	Without.comp.food	6	Months	Male	10.1038/s41598-019-47953-4	Fecal microbiome and metabolome of infants fed bovine MFGM supplemented formula or standard formula with breast-fed infants as reference: a randomized controlled trial	AGCAACGA	Standard infant formula	SF_6
HE_INFANTS_MFGM_2019	EP.11.4	EP11	Month12	12	Months	Male	10.1038/s41598-019-47953-4	Fecal microbiome and metabolome of infants fed bovine MFGM supplemented formula or standard formula with breast-fed infants as reference: a randomized controlled trial	AGTGTCTG	Standard infant formula	SF_12
HE_INFANTS_MFGM_2019	EP.12.1	EP12	Baseline	2	Months	Male	10.1038/s41598-019-47953-4	Fecal microbiome and metabolome of infants fed bovine MFGM supplemented formula or standard formula with breast-fed infants as reference: a randomized controlled trial	AACGCGTT	Experimental infant formula	EF_0
HE_INFANTS_MFGM_2019	EP.12.2	EP12	Without.comp.food	4	Months	Male	10.1038/s41598-019-47953-4	Fecal microbiome and metabolome of infants fed bovine MFGM supplemented formula or standard formula with breast-fed infants as reference: a randomized controlled trial	ACGAGTAG	Experimental infant formula	EF_4
HE_INFANTS_MFGM_2019	EP.12.3	EP12	Without.comp.food	6	Months	Male	10.1038/s41598-019-47953-4	Fecal microbiome and metabolome of infants fed bovine MFGM supplemented formula or standard formula with breast-fed infants as reference: a randomized controlled trial	AGCAAGCA	Experimental infant formula	EF_6
HE_INFANTS_MFGM_2019	EP.12.4	EP12	Month12	12	Months	Male	10.1038/s41598-019-47953-4	Fecal microbiome and metabolome of infants fed bovine MFGM supplemented formula or standard formula with breast-fed infants as reference: a randomized controlled trial	AGTGTGAG	Experimental infant formula	EF_12
HE_INFANTS_MFGM_2019	EP.14.1	EP14	Baseline	2	Months	Male	10.1038/s41598-019-47953-4	Fecal microbiome and metabolome of infants fed bovine MFGM supplemented formula or standard formula with breast-fed infants as reference: a randomized controlled trial	AAGGATGC	Experimental infant formula	EF_0
HE_INFANTS_MFGM_2019	EP.14.2	EP14	Without.comp.food	4	Months	Male	10.1038/s41598-019-47953-4	Fecal microbiome and metabolome of infants fed bovine MFGM supplemented formula or standard formula with breast-fed infants as reference: a randomized controlled trial	ACGAGTTC	Experimental infant formula	EF_4
HE_INFANTS_MFGM_2019	EP.14.3	EP14	Without.comp.food	6	Months	Male	10.1038/s41598-019-47953-4	Fecal microbiome and metabolome of infants fed bovine MFGM supplemented formula or standard formula with breast-fed infants as reference: a randomized controlled trial	AGCAAGGT	Experimental infant formula	EF_6
HE_INFANTS_MFGM_2019	EP.14.4	EP14	Month12	12	Months	Male	10.1038/s41598-019-47953-4	Fecal microbiome and metabolome of infants fed bovine MFGM supplemented formula or standard formula with breast-fed infants as reference: a randomized controlled trial	AGTGTGTC	Experimental infant formula	EF_12
HE_INFANTS_MFGM_2019	EP.2.1	EP2	Baseline	2	Months	Male	10.1038/s41598-019-47953-4	Fecal microbiome and metabolome of infants fed bovine MFGM supplemented formula or standard formula with breast-fed infants as reference: a randomized controlled trial	AAGCGCTT	Standard infant formula	SF_0
HE_INFANTS_MFGM_2019	EP.2.2	EP2	Without.comp.food	4	Months	Male	10.1038/s41598-019-47953-4	Fecal microbiome and metabolome of infants fed bovine MFGM supplemented formula or standard formula with breast-fed infants as reference: a randomized controlled trial	ACGAACGA	Standard infant formula	SF_4
HE_INFANTS_MFGM_2019	EP.2.3	EP2	Without.comp.food	6	Months	Male	10.1038/s41598-019-47953-4	Fecal microbiome and metabolome of infants fed bovine MFGM supplemented formula or standard formula with breast-fed infants as reference: a randomized controlled trial	AGAGGTCA	Standard infant formula	SF_6
HE_INFANTS_MFGM_2019	EP.21.1	EP21	Baseline	2	Months	Male	10.1038/s41598-019-47953-4	Fecal microbiome and metabolome of infants fed bovine MFGM supplemented formula or standard formula with breast-fed infants as reference: a randomized controlled trial	AATTGGCC	Standard infant formula	SF_0
HE_INFANTS_MFGM_2019	EP.21.2	EP21	Without.comp.food	4	Months	Male	10.1038/s41598-019-47953-4	Fecal microbiome and metabolome of infants fed bovine MFGM supplemented formula or standard formula with breast-fed infants as reference: a randomized controlled trial	ACGTGTTG	Standard infant formula	SF_4
HE_INFANTS_MFGM_2019	EP.21.3	EP21	Without.comp.food	6	Months	Male	10.1038/s41598-019-47953-4	Fecal microbiome and metabolome of infants fed bovine MFGM supplemented formula or standard formula with breast-fed infants as reference: a randomized controlled trial	AGCTCTAG	Standard infant formula	SF_6
HE_INFANTS_MFGM_2019	EP.21.4	EP21	Month12	12	Months	Male	10.1038/s41598-019-47953-4	Fecal microbiome and metabolome of infants fed bovine MFGM supplemented formula or standard formula with breast-fed infants as reference: a randomized controlled trial	ATCCGGTA	Standard infant formula	SF_12
HE_INFANTS_MFGM_2019	EP.23.1	EP23	Baseline	2	Months	Male	10.1038/s41598-019-47953-4	Fecal microbiome and metabolome of infants fed bovine MFGM supplemented formula or standard formula with breast-fed infants as reference: a randomized controlled trial	ACACACAC	Standard infant formula	SF_0
HE_INFANTS_MFGM_2019	EP.23.2	EP23	Without.comp.food	4	Months	Male	10.1038/s41598-019-47953-4	Fecal microbiome and metabolome of infants fed bovine MFGM supplemented formula or standard formula with breast-fed infants as reference: a randomized controlled trial	ACGTTCCT	Standard infant formula	SF_4
HE_INFANTS_MFGM_2019	EP.23.3	EP23	With.comp.food	6	Months	Male	10.1038/s41598-019-47953-4	Fecal microbiome and metabolome of infants fed bovine MFGM supplemented formula or standard formula with breast-fed infants as reference: a randomized controlled trial	AGCTCTTC	Standard infant formula	SF_6
HE_INFANTS_MFGM_2019	EP.23.4	EP23	Month12	12	Months	Male	10.1038/s41598-019-47953-4	Fecal microbiome and metabolome of infants fed bovine MFGM supplemented formula or standard formula with breast-fed infants as reference: a randomized controlled trial	ATCCTACC	Standard infant formula	SF_12
HE_INFANTS_MFGM_2019	EP.25.1	EP25	Baseline	2	Months	Male	10.1038/s41598-019-47953-4	Fecal microbiome and metabolome of infants fed bovine MFGM supplemented formula or standard formula with breast-fed infants as reference: a randomized controlled trial	ACACACTG	Experimental infant formula	EF_0
HE_INFANTS_MFGM_2019	EP.25.2	EP25	Without.comp.food	4	Months	Male	10.1038/s41598-019-47953-4	Fecal microbiome and metabolome of infants fed bovine MFGM supplemented formula or standard formula with breast-fed infants as reference: a randomized controlled trial	ACGTTCGA	Experimental infant formula	EF_4
HE_INFANTS_MFGM_2019	EP.25.3	EP25	With.comp.food	6	Months	Male	10.1038/s41598-019-47953-4	Fecal microbiome and metabolome of infants fed bovine MFGM supplemented formula or standard formula with breast-fed infants as reference: a randomized controlled trial	AGCTGAAG	Experimental infant formula	EF_6
HE_INFANTS_MFGM_2019	EP.25.4	EP25	Month12	12	Months	Male	10.1038/s41598-019-47953-4	Fecal microbiome and metabolome of infants fed bovine MFGM supplemented formula or standard formula with breast-fed infants as reference: a randomized controlled trial	ATCCTAGG	Experimental infant formula	EF_12
HE_INFANTS_MFGM_2019	EP.27.1	EP27	Baseline	2	Months	Male	10.1038/s41598-019-47953-4	Fecal microbiome and metabolome of infants fed bovine MFGM supplemented formula or standard formula with breast-fed infants as reference: a randomized controlled trial	ACACAGAG	Experimental infant formula	EF_0
HE_INFANTS_MFGM_2019	EP.27.2	EP27	Without.comp.food	4	Months	Male	10.1038/s41598-019-47953-4	Fecal microbiome and metabolome of infants fed bovine MFGM supplemented formula or standard formula with breast-fed infants as reference: a randomized controlled trial	AACGTACC	Experimental infant formula	EF_4
HE_INFANTS_MFGM_2019	EP.27.3	EP27	With.comp.food	6	Months	Male	10.1038/s41598-019-47953-4	Fecal microbiome and metabolome of infants fed bovine MFGM supplemented formula or standard formula with breast-fed infants as reference: a randomized controlled trial	AGCTGATC	Experimental infant formula	EF_6
HE_INFANTS_MFGM_2019	EP.27.4	EP27	Month12	12	Months	Male	10.1038/s41598-019-47953-4	Fecal microbiome and metabolome of infants fed bovine MFGM supplemented formula or standard formula with breast-fed infants as reference: a randomized controlled trial	ATCCTTGC	Experimental infant formula	EF_12
HE_INFANTS_MFGM_2019	EP.29.1	EP29	Baseline	2	Months	Male	10.1038/s41598-019-47953-4	Fecal microbiome and metabolome of infants fed bovine MFGM supplemented formula or standard formula with breast-fed infants as reference: a randomized controlled trial	ACACAGTC	Standard infant formula	SF_0
HE_INFANTS_MFGM_2019	EP.29.2	EP29	Without.comp.food	4	Months	Male	10.1038/s41598-019-47953-4	Fecal microbiome and metabolome of infants fed bovine MFGM supplemented formula or standard formula with breast-fed infants as reference: a randomized controlled trial	ACGTTGGT	Standard infant formula	SF_4
HE_INFANTS_MFGM_2019	EP.29.3	EP29	With.comp.food	6	Months	Male	10.1038/s41598-019-47953-4	Fecal microbiome and metabolome of infants fed bovine MFGM supplemented formula or standard formula with breast-fed infants as reference: a randomized controlled trial	AGCTGTAC	Standard infant formula	SF_6
HE_INFANTS_MFGM_2019	EP.29.4	EP29	Month12	12	Months	Male	10.1038/s41598-019-47953-4	Fecal microbiome and metabolome of infants fed bovine MFGM supplemented formula or standard formula with breast-fed infants as reference: a randomized controlled trial	ATCGAACC	Standard infant formula	SF_12
HE_INFANTS_MFGM_2019	EP.33.1	EP33	Baseline	2	Months	Male	10.1038/s41598-019-47953-4	Fecal microbiome and metabolome of infants fed bovine MFGM supplemented formula or standard formula with breast-fed infants as reference: a randomized controlled trial	ACAGACAG	Experimental infant formula	EF_0
HE_INFANTS_MFGM_2019	EP.33.2	EP33	Without.comp.food	4	Months	Male	10.1038/s41598-019-47953-4	Fecal microbiome and metabolome of infants fed bovine MFGM supplemented formula or standard formula with breast-fed infants as reference: a randomized controlled trial	ACTCGTGA	Experimental infant formula	EF_4
HE_INFANTS_MFGM_2019	EP.33.3	EP33	Without.comp.food	6	Months	Male	10.1038/s41598-019-47953-4	Fecal microbiome and metabolome of infants fed bovine MFGM supplemented formula or standard formula with breast-fed infants as reference: a randomized controlled trial	AGGACTTC	Experimental infant formula	EF_6
HE_INFANTS_MFGM_2019	EP.33.4	EP33	Month12	12	Months	Male	10.1038/s41598-019-47953-4	Fecal microbiome and metabolome of infants fed bovine MFGM supplemented formula or standard formula with breast-fed infants as reference: a randomized controlled trial	ATCGTACG	Experimental infant formula	EF_12
HE_INFANTS_MFGM_2019	EP.39.1	EP39	Baseline	2	Months	Male	10.1038/s41598-019-47953-4	Fecal microbiome and metabolome of infants fed bovine MFGM supplemented formula or standard formula with breast-fed infants as reference: a randomized controlled trial	ACAGCAGA	Standard infant formula	SF_0
HE_INFANTS_MFGM_2019	EP.39.2	EP39	Without.comp.food	4	Months	Male	10.1038/s41598-019-47953-4	Fecal microbiome and metabolome of infants fed bovine MFGM supplemented formula or standard formula with breast-fed infants as reference: a randomized controlled trial	ACTCTGTC	Standard infant formula	SF_4
HE_INFANTS_MFGM_2019	EP.39.3	EP39	Without.comp.food	6	Months	Male	10.1038/s41598-019-47953-4	Fecal microbiome and metabolome of infants fed bovine MFGM supplemented formula or standard formula with breast-fed infants as reference: a randomized controlled trial	AGGAGTTG	Standard infant formula	SF_6
HE_INFANTS_MFGM_2019	EP.39.4	EP39	Month12	12	Months	Male	10.1038/s41598-019-47953-4	Fecal microbiome and metabolome of infants fed bovine MFGM supplemented formula or standard formula with breast-fed infants as reference: a randomized controlled trial	ATCGTTGG	Standard infant formula	SF_12
HE_INFANTS_MFGM_2019	EP.44.1	EP44	Baseline	2	Months	Male	10.1038/s41598-019-47953-4	Fecal microbiome and metabolome of infants fed bovine MFGM supplemented formula or standard formula with breast-fed infants as reference: a randomized controlled trial	ACAGGAGT	Standard infant formula	SF_0
HE_INFANTS_MFGM_2019	EP.44.2	EP44	Without.comp.food	4	Months	Male	10.1038/s41598-019-47953-4	Fecal microbiome and metabolome of infants fed bovine MFGM supplemented formula or standard formula with breast-fed infants as reference: a randomized controlled trial	ACTGAGTC	Standard infant formula	SF_4
HE_INFANTS_MFGM_2019	EP.44.3	EP44	With.comp.food	6	Months	Male	10.1038/s41598-019-47953-4	Fecal microbiome and metabolome of infants fed bovine MFGM supplemented formula or standard formula with breast-fed infants as reference: a randomized controlled trial	AGGATGGT	Standard infant formula	SF_6
HE_INFANTS_MFGM_2019	EP.44.4	EP44	Month12	12	Months	Male	10.1038/s41598-019-47953-4	Fecal microbiome and metabolome of infants fed bovine MFGM supplemented formula or standard formula with breast-fed infants as reference: a randomized controlled trial	ATGCATGC	Standard infant formula	SF_12
HE_INFANTS_MFGM_2019	EP.45.1	EP45	Baseline	2	Months	Male	10.1038/s41598-019-47953-4	Fecal microbiome and metabolome of infants fed bovine MFGM supplemented formula or standard formula with breast-fed infants as reference: a randomized controlled trial	ACAGTCTG	Experimental infant formula	EF_0
HE_INFANTS_MFGM_2019	EP.45.2	EP45	Without.comp.food	4	Months	Male	10.1038/s41598-019-47953-4	Fecal microbiome and metabolome of infants fed bovine MFGM supplemented formula or standard formula with breast-fed infants as reference: a randomized controlled trial	ACTGCTCT	Experimental infant formula	EF_4
HE_INFANTS_MFGM_2019	EP.45.3	EP45	With.comp.food	6	Months	Male	10.1038/s41598-019-47953-4	Fecal microbiome and metabolome of infants fed bovine MFGM supplemented formula or standard formula with breast-fed infants as reference: a randomized controlled trial	AGGTAGGT	Experimental infant formula	EF_6
HE_INFANTS_MFGM_2019	EP.45.4	EP45	Month12	12	Months	Male	10.1038/s41598-019-47953-4	Fecal microbiome and metabolome of infants fed bovine MFGM supplemented formula or standard formula with breast-fed infants as reference: a randomized controlled trial	ATGCGCTA	Experimental infant formula	EF_12
HE_INFANTS_MFGM_2019	EP.49.1	EP49	Baseline	2	Months	Male	10.1038/s41598-019-47953-4	Fecal microbiome and metabolome of infants fed bovine MFGM supplemented formula or standard formula with breast-fed infants as reference: a randomized controlled trial	AACCTACG	Experimental infant formula	EF_0
HE_INFANTS_MFGM_2019	EP.49.2	EP49	Without.comp.food	4	Months	Male	10.1038/s41598-019-47953-4	Fecal microbiome and metabolome of infants fed bovine MFGM supplemented formula or standard formula with breast-fed infants as reference: a randomized controlled trial	ACTGCTGA	Experimental infant formula	EF_4
HE_INFANTS_MFGM_2019	EP.49.3	EP49	Without.comp.food	6	Months	Male	10.1038/s41598-019-47953-4	Fecal microbiome and metabolome of infants fed bovine MFGM supplemented formula or standard formula with breast-fed infants as reference: a randomized controlled trial	AGGTCAAG	Experimental infant formula	EF_6
HE_INFANTS_MFGM_2019	EP.49.4	EP49	Month12	12	Months	Male	10.1038/s41598-019-47953-4	Fecal microbiome and metabolome of infants fed bovine MFGM supplemented formula or standard formula with breast-fed infants as reference: a randomized controlled trial	ATGCGGAA	Experimental infant formula	EF_12
HE_INFANTS_MFGM_2019	EP.51.1	EP51	Baseline	2	Months	Male	10.1038/s41598-019-47953-4	Fecal microbiome and metabolome of infants fed bovine MFGM supplemented formula or standard formula with breast-fed infants as reference: a randomized controlled trial	ACCAAGGA	Experimental infant formula	EF_0
HE_INFANTS_MFGM_2019	EP.51.2a	EP51	Without.comp.food	4	Months	Male	10.1038/s41598-019-47953-4	Fecal microbiome and metabolome of infants fed bovine MFGM supplemented formula or standard formula with breast-fed infants as reference: a randomized controlled trial	ACTGTCAG	Experimental infant formula	EF_4
HE_INFANTS_MFGM_2019	EP.51.3	EP51	With.comp.food	6	Months	Male	10.1038/s41598-019-47953-4	Fecal microbiome and metabolome of infants fed bovine MFGM supplemented formula or standard formula with breast-fed infants as reference: a randomized controlled trial	AGGTCTTG	Experimental infant formula	EF_6
HE_INFANTS_MFGM_2019	EP.52.1	EP52	Baseline	2	Months	Male	10.1038/s41598-019-47953-4	Fecal microbiome and metabolome of infants fed bovine MFGM supplemented formula or standard formula with breast-fed infants as reference: a randomized controlled trial	ACCACAAC	Standard infant formula	SF_0
HE_INFANTS_MFGM_2019	EP.54.1	EP54	Baseline	2	Months	Male	10.1038/s41598-019-47953-4	Fecal microbiome and metabolome of infants fed bovine MFGM supplemented formula or standard formula with breast-fed infants as reference: a randomized controlled trial	ACCACATG	Experimental infant formula	EF_0
HE_INFANTS_MFGM_2019	EP.54.2	EP54	Without.comp.food	4	Months	Male	10.1038/s41598-019-47953-4	Fecal microbiome and metabolome of infants fed bovine MFGM supplemented formula or standard formula with breast-fed infants as reference: a randomized controlled trial	ACTGTGAC	Experimental infant formula	EF_4
HE_INFANTS_MFGM_2019	EP.54.3	EP54	With.comp.food	6	Months	Male	10.1038/s41598-019-47953-4	Fecal microbiome and metabolome of infants fed bovine MFGM supplemented formula or standard formula with breast-fed infants as reference: a randomized controlled trial	AGGTGTAG	Experimental infant formula	EF_6
HE_INFANTS_MFGM_2019	EP.54.4	EP54	Month12	12	Months	Male	10.1038/s41598-019-47953-4	Fecal microbiome and metabolome of infants fed bovine MFGM supplemented formula or standard formula with breast-fed infants as reference: a randomized controlled trial	ATGCTTGG	Experimental infant formula	EF_12
HE_INFANTS_MFGM_2019	EP.57.1	EP57	Baseline	2	Months	Male	10.1038/s41598-019-47953-4	Fecal microbiome and metabolome of infants fed bovine MFGM supplemented formula or standard formula with breast-fed infants as reference: a randomized controlled trial	ACCAGATC	Standard infant formula	SF_0
HE_INFANTS_MFGM_2019	EP.57.2	EP57	Without.comp.food	4	Months	Male	10.1038/s41598-019-47953-4	Fecal microbiome and metabolome of infants fed bovine MFGM supplemented formula or standard formula with breast-fed infants as reference: a randomized controlled trial	AGACAGAC	Standard infant formula	SF_4
HE_INFANTS_MFGM_2019	EP.57.3	EP57	With.comp.food	6	Months	Male	10.1038/s41598-019-47953-4	Fecal microbiome and metabolome of infants fed bovine MFGM supplemented formula or standard formula with breast-fed infants as reference: a randomized controlled trial	AGGTTGCT	Standard infant formula	SF_6
HE_INFANTS_MFGM_2019	EP.57.4	EP57	Month12	12	Months	Male	10.1038/s41598-019-47953-4	Fecal microbiome and metabolome of infants fed bovine MFGM supplemented formula or standard formula with breast-fed infants as reference: a randomized controlled trial	ATGGATGG	Standard infant formula	SF_12
HE_INFANTS_MFGM_2019	EP.58.1	EP58	Baseline	2	Months	Male	10.1038/s41598-019-47953-4	Fecal microbiome and metabolome of infants fed bovine MFGM supplemented formula or standard formula with breast-fed infants as reference: a randomized controlled trial	ACCAGTAC	Experimental infant formula	EF_0
HE_INFANTS_MFGM_2019	EP.58.2	EP58	Without.comp.food	4	Months	Male	10.1038/s41598-019-47953-4	Fecal microbiome and metabolome of infants fed bovine MFGM supplemented formula or standard formula with breast-fed infants as reference: a randomized controlled trial	AGACAGTG	Experimental infant formula	EF_4
HE_INFANTS_MFGM_2019	EP.58.3	EP58	With.comp.food	6	Months	Male	10.1038/s41598-019-47953-4	Fecal microbiome and metabolome of infants fed bovine MFGM supplemented formula or standard formula with breast-fed infants as reference: a randomized controlled trial	AGGTTGGA	Experimental infant formula	EF_6
HE_INFANTS_MFGM_2019	EP.58.4	EP58	Month12	12	Months	Male	10.1038/s41598-019-47953-4	Fecal microbiome and metabolome of infants fed bovine MFGM supplemented formula or standard formula with breast-fed infants as reference: a randomized controlled trial	ATGGCCAT	Experimental infant formula	EF_12
HE_INFANTS_MFGM_2019	EP.60.1	EP60	Baseline	2	Months	Male	10.1038/s41598-019-47953-4	Fecal microbiome and metabolome of infants fed bovine MFGM supplemented formula or standard formula with breast-fed infants as reference: a randomized controlled trial	ACCAGTTG	Experimental infant formula	EF_0
HE_INFANTS_MFGM_2019	EP.60.2	EP60	Without.comp.food	4	Months	Male	10.1038/s41598-019-47953-4	Fecal microbiome and metabolome of infants fed bovine MFGM supplemented formula or standard formula with breast-fed infants as reference: a randomized controlled trial	AGACCACT	Experimental infant formula	EF_4
HE_INFANTS_MFGM_2019	EP.60.3	EP60	With.comp.food	6	Months	Male	10.1038/s41598-019-47953-4	Fecal microbiome and metabolome of infants fed bovine MFGM supplemented formula or standard formula with breast-fed infants as reference: a randomized controlled trial	AGTCACAC	Experimental infant formula	EF_6
HE_INFANTS_MFGM_2019	EP.60.4	EP60	Month12	12	Months	Male	10.1038/s41598-019-47953-4	Fecal microbiome and metabolome of infants fed bovine MFGM supplemented formula or standard formula with breast-fed infants as reference: a randomized controlled trial	ATGGCCTA	Experimental infant formula	EF_12
HE_INFANTS_MFGM_2019	EP.64.1	EP64	Baseline	2	Months	Male	10.1038/s41598-019-47953-4	Fecal microbiome and metabolome of infants fed bovine MFGM supplemented formula or standard formula with breast-fed infants as reference: a randomized controlled trial	ACCTCAAG	Experimental infant formula	EF_0
HE_INFANTS_MFGM_2019	EP.64.2	EP64	Without.comp.food	4	Months	Male	10.1038/s41598-019-47953-4	Fecal microbiome and metabolome of infants fed bovine MFGM supplemented formula or standard formula with breast-fed infants as reference: a randomized controlled trial	AGACTCTG	Experimental infant formula	EF_4
HE_INFANTS_MFGM_2019	EP.64.3	EP64	Without.comp.food	6	Months	Male	10.1038/s41598-019-47953-4	Fecal microbiome and metabolome of infants fed bovine MFGM supplemented formula or standard formula with breast-fed infants as reference: a randomized controlled trial	AGTCGAGA	Experimental infant formula	EF_6
HE_INFANTS_MFGM_2019	EP.64.4	EP64	Month12	12	Months	Male	10.1038/s41598-019-47953-4	Fecal microbiome and metabolome of infants fed bovine MFGM supplemented formula or standard formula with breast-fed infants as reference: a randomized controlled trial	ATTACGGC	Experimental infant formula	EF_12
HE_INFANTS_MFGM_2019	EP.65.1	EP65	Baseline	2	Months	Male	10.1038/s41598-019-47953-4	Fecal microbiome and metabolome of infants fed bovine MFGM supplemented formula or standard formula with breast-fed infants as reference: a randomized controlled trial	ACCTCTAC	Standard infant formula	SF_0
HE_INFANTS_MFGM_2019	EP.66.1	EP66	Baseline	2	Months	Male	10.1038/s41598-019-47953-4	Fecal microbiome and metabolome of infants fed bovine MFGM supplemented formula or standard formula with breast-fed infants as reference: a randomized controlled trial	AACCTTCC	Experimental infant formula	EF_0
HE_INFANTS_MFGM_2019	EP.66.2	EP66	Without.comp.food	4	Months	Male	10.1038/s41598-019-47953-4	Fecal microbiome and metabolome of infants fed bovine MFGM supplemented formula or standard formula with breast-fed infants as reference: a randomized controlled trial	AACGCCAT	Experimental infant formula	EF_4
HE_INFANTS_MFGM_2019	EP.66.3	EP66	Without.comp.food	6	Months	Male	10.1038/s41598-019-47953-4	Fecal microbiome and metabolome of infants fed bovine MFGM supplemented formula or standard formula with breast-fed infants as reference: a randomized controlled trial	AACGTTCG	Experimental infant formula	EF_6
HE_INFANTS_MFGM_2019	EP.66.4	EP66	Month12	12	Months	Male	10.1038/s41598-019-47953-4	Fecal microbiome and metabolome of infants fed bovine MFGM supplemented formula or standard formula with breast-fed infants as reference: a randomized controlled trial	ATTAGGCC	Experimental infant formula	EF_12
HE_INFANTS_MFGM_2019	EP.70.1	EP70	Baseline	2	Months	Male	10.1038/s41598-019-47953-4	Fecal microbiome and metabolome of infants fed bovine MFGM supplemented formula or standard formula with breast-fed infants as reference: a randomized controlled trial	ACCTGTAG	Standard infant formula	SF_0
HE_INFANTS_MFGM_2019	EP.70.2	EP70	Without.comp.food	4	Months	Male	10.1038/s41598-019-47953-4	Fecal microbiome and metabolome of infants fed bovine MFGM supplemented formula or standard formula with breast-fed infants as reference: a randomized controlled trial	AGAGAGTC	Standard infant formula	SF_4
HE_INFANTS_MFGM_2019	EP.70.3	EP70	Without.comp.food	6	Months	Male	10.1038/s41598-019-47953-4	Fecal microbiome and metabolome of infants fed bovine MFGM supplemented formula or standard formula with breast-fed infants as reference: a randomized controlled trial	AGTGACAG	Standard infant formula	SF_6
HE_INFANTS_MFGM_2019	EP.70.4	EP70	Month12	12	Months	Male	10.1038/s41598-019-47953-4	Fecal microbiome and metabolome of infants fed bovine MFGM supplemented formula or standard formula with breast-fed infants as reference: a randomized controlled trial	CAACAGCT	Standard infant formula	SF_12
HE_INFANTS_MFGM_2019	EP.72.1	EP72	Baseline	2	Months	Male	10.1038/s41598-019-47953-4	Fecal microbiome and metabolome of infants fed bovine MFGM supplemented formula or standard formula with breast-fed infants as reference: a randomized controlled trial	ACCTGTTC	Standard infant formula	SF_0
HE_INFANTS_MFGM_2019	EP.72.2	EP72	With.comp.food	4	Months	Male	10.1038/s41598-019-47953-4	Fecal microbiome and metabolome of infants fed bovine MFGM supplemented formula or standard formula with breast-fed infants as reference: a randomized controlled trial	AGAGCACA	Standard infant formula	SF_4
HE_INFANTS_MFGM_2019	EP.72.3	EP72	With.comp.food	6	Months	Male	10.1038/s41598-019-47953-4	Fecal microbiome and metabolome of infants fed bovine MFGM supplemented formula or standard formula with breast-fed infants as reference: a randomized controlled trial	AGTGACTC	Standard infant formula	SF_6
HE_INFANTS_MFGM_2019	EP.72.4	EP72	Month12	12	Months	Male	10.1038/s41598-019-47953-4	Fecal microbiome and metabolome of infants fed bovine MFGM supplemented formula or standard formula with breast-fed infants as reference: a randomized controlled trial	CAACAGGA	Standard infant formula	SF_12
HE_INFANTS_MFGM_2019	EP.73.1	EP73	Baseline	2	Months	Male	10.1038/s41598-019-47953-4	Fecal microbiome and metabolome of infants fed bovine MFGM supplemented formula or standard formula with breast-fed infants as reference: a randomized controlled trial	AACCTTGG	Standard infant formula	SF_0
HE_INFANTS_MFGM_2019	EP.73.2	EP73	Without.comp.food	4	Months	Male	10.1038/s41598-019-47953-4	Fecal microbiome and metabolome of infants fed bovine MFGM supplemented formula or standard formula with breast-fed infants as reference: a randomized controlled trial	AGAGCAGT	Standard infant formula	SF_4
HE_INFANTS_MFGM_2019	EP.73.3	EP73	With.comp.food	6	Months	Male	10.1038/s41598-019-47953-4	Fecal microbiome and metabolome of infants fed bovine MFGM supplemented formula or standard formula with breast-fed infants as reference: a randomized controlled trial	AGTGAGAC	Standard infant formula	SF_6
HE_INFANTS_MFGM_2019	EP.73.4	EP73	Month12	12	Months	Male	10.1038/s41598-019-47953-4	Fecal microbiome and metabolome of infants fed bovine MFGM supplemented formula or standard formula with breast-fed infants as reference: a randomized controlled trial	CAACCAAC	Standard infant formula	SF_12
HE_INFANTS_MFGM_2019	EP.77.1	EP77	Baseline	2	Months	Male	10.1038/s41598-019-47953-4	Fecal microbiome and metabolome of infants fed bovine MFGM supplemented formula or standard formula with breast-fed infants as reference: a randomized controlled trial	ACCTTGCT	Experimental infant formula	EF_0
HE_INFANTS_MFGM_2019	EP.77.2	EP77	Without.comp.food	4	Months	Male	10.1038/s41598-019-47953-4	Fecal microbiome and metabolome of infants fed bovine MFGM supplemented formula or standard formula with breast-fed infants as reference: a randomized controlled trial	AGAGCTGA	Experimental infant formula	EF_4
HE_INFANTS_MFGM_2019	EP.77.3	EP77	With.comp.food	6	Months	Male	10.1038/s41598-019-47953-4	Fecal microbiome and metabolome of infants fed bovine MFGM supplemented formula or standard formula with breast-fed infants as reference: a randomized controlled trial	AGTGCACT	Experimental infant formula	EF_6
HE_INFANTS_MFGM_2019	EP.9.1	EP9	Baseline	2	Months	Male	10.1038/s41598-019-47953-4	Fecal microbiome and metabolome of infants fed bovine MFGM supplemented formula or standard formula with breast-fed infants as reference: a randomized controlled trial	AAGCTTGC	Experimental infant formula	EF_0
HE_INFANTS_MFGM_2019	EP.9.2	EP9	Without.comp.food	4	Months	Male	10.1038/s41598-019-47953-4	Fecal microbiome and metabolome of infants fed bovine MFGM supplemented formula or standard formula with breast-fed infants as reference: a randomized controlled trial	ACGAGAAC	Experimental infant formula	EF_4
HE_INFANTS_MFGM_2019	EP.9.4	EP9	Month12	12	Months	Male	10.1038/s41598-019-47953-4	Fecal microbiome and metabolome of infants fed bovine MFGM supplemented formula or standard formula with breast-fed infants as reference: a randomized controlled trial	AGTGTCAC	Experimental infant formula	EF_12
