Dataset	Sample	Subject	Study.Group	Age	Age.Units	Gender	DOI	Publication.Name	RawSampleID	BarcodeSequence	LinkerPrimerSequence	BarcodeName	Repeats	New_or_Reinvited	Constipation_GS_1	Diarrhea_GS_2	Consistency_GS_3	Smell_GS_4	Flatulence_GS_5	Abdominal_pain_GS_6	GS_Index_total	Speech_lang_comunication_ATEC_1	sociability_ATEC_2	sensory_cognition_ATEC_3	health_physical_behavior_ATEC_4	ATEC_Total	Sensory_Perceptual_Approach_Behaviors_SENSORY_PDD_BI_1	Ritualisms_Resistance_to_Change_RITUAL_PDD_BI_2	Social_Pragmatic_Problemes_SOCPP_PDD_BI_3	Social_Approach_Behaviors_SOCAPP_PDD_BI_4	Expressive_Language_EXPRESS_PDD_BI_5	Semantic_Pragmatic_Problems_SEMPP	Arousal_Regulation_Problems_AROUSE	Specific_Fears_FEARS	Aggressiveness_AGG	Learning_Memory_and_Receptive_Language_LMRL	PDD_BI_total_Sensory_Ritual_Socpp_Socapp_Express
KANG_AUTISM_2017	N01	N01	Neurotypical	9	Years	Male	10.1016/j.anaerobe.2017.12.007	Differences in fecal microbial metabolites and microbiota of children with autism spectrum disorders	C1	CATGAGCT	GGCGVACGGGTGAGTAA	104Fbarcod11	0	New	0	0	0	0	0	0	0	NA	NA	NA	NA	NA	NA	NA	NA	NA	NA	NA	NA	NA	NA	NA	NA
KANG_AUTISM_2017	N02	N02	Neurotypical	6	Years	Male	10.1016/j.anaerobe.2017.12.007	Differences in fecal microbial metabolites and microbiota of children with autism spectrum disorders	C2	CATGAGGA	GGCGVACGGGTGAGTAA	104Fbarcod12	0	Revisit	0	0	0	0	0	0	0	NA	NA	NA	NA	NA	NA	NA	NA	NA	NA	NA	NA	NA	NA	NA	NA
KANG_AUTISM_2017	N03	N03	Neurotypical	8	Years	Female	10.1016/j.anaerobe.2017.12.007	Differences in fecal microbial metabolites and microbiota of children with autism spectrum disorders	C3	CATGCAAC	GGCGVACGGGTGAGTAA	104Fbarcod13	0	New	0	0	0	0	0	0	0	NA	NA	NA	NA	NA	NA	NA	NA	NA	NA	NA	NA	NA	NA	NA	NA
KANG_AUTISM_2017	N04	N04	Neurotypical	6	Years	Male	10.1016/j.anaerobe.2017.12.007	Differences in fecal microbial metabolites and microbiota of children with autism spectrum disorders	C4	CATGCATG	GGCGVACGGGTGAGTAA	104Fbarcod14	0	New	0	0	0	0	0	0	0	NA	NA	NA	NA	NA	NA	NA	NA	NA	NA	NA	NA	NA	NA	NA	NA
KANG_AUTISM_2017	N05	N05	Neurotypical	9	Years	Male	10.1016/j.anaerobe.2017.12.007	Differences in fecal microbial metabolites and microbiota of children with autism spectrum disorders	C5	CATGCTAG	GGCGVACGGGTGAGTAA	104Fbarcod15	0	New	0	0	0	0	0	0	0	NA	NA	NA	NA	NA	NA	NA	NA	NA	NA	NA	NA	NA	NA	NA	NA
KANG_AUTISM_2017	N06	N06	Neurotypical	6	Years	Male	10.1016/j.anaerobe.2017.12.007	Differences in fecal microbial metabolites and microbiota of children with autism spectrum disorders	C6	CATGCTTC	GGCGVACGGGTGAGTAA	104Fbarcod16	0	New	0	0	0	0	0	0	0	NA	NA	NA	NA	NA	NA	NA	NA	NA	NA	NA	NA	NA	NA	NA	NA
KANG_AUTISM_2017	N07	N07	Neurotypical	4	Years	Female	10.1016/j.anaerobe.2017.12.007	Differences in fecal microbial metabolites and microbiota of children with autism spectrum disorders	C7	CATGGAAG	GGCGVACGGGTGAGTAA	104Fbarcod17	0	New	2	0	1	1	0	1	5	NA	NA	NA	NA	NA	NA	NA	NA	NA	NA	NA	NA	NA	NA	NA	NA
KANG_AUTISM_2017	N08	N08	Neurotypical	6	Years	Male	10.1016/j.anaerobe.2017.12.007	Differences in fecal microbial metabolites and microbiota of children with autism spectrum disorders	C8	CATGGATC	GGCGVACGGGTGAGTAA	104Fbarcod18	0	New	2	0	0	0	0	0	2	NA	NA	NA	NA	NA	NA	NA	NA	NA	NA	NA	NA	NA	NA	NA	NA
KANG_AUTISM_2017	N09	N09	Neurotypical	7	Years	Male	10.1016/j.anaerobe.2017.12.007	Differences in fecal microbial metabolites and microbiota of children with autism spectrum disorders	C9	CATGGTAC	GGCGVACGGGTGAGTAA	104Fbarcod19	0	New	0	0	0	0	0	0	0	NA	NA	NA	NA	NA	NA	NA	NA	NA	NA	NA	NA	NA	NA	NA	NA
KANG_AUTISM_2017	N10	N10	Neurotypical	5	Years	Male	10.1016/j.anaerobe.2017.12.007	Differences in fecal microbial metabolites and microbiota of children with autism spectrum disorders	C10	CATGGTTG	GGCGVACGGGTGAGTAA	104Fbarcod20	0	Revisit	0	0	0	0	0	0	0	NA	NA	NA	NA	NA	NA	NA	NA	NA	NA	NA	NA	NA	NA	NA	NA
KANG_AUTISM_2017	N11	N11	Neurotypical	5	Years	Male	10.1016/j.anaerobe.2017.12.007	Differences in fecal microbial metabolites and microbiota of children with autism spectrum disorders	C11	CATGTCCT	GGCGVACGGGTGAGTAA	104Fbarcod21	0	Revisit	0	0	0	0	0	0	0	NA	NA	NA	NA	NA	NA	NA	NA	NA	NA	NA	NA	NA	NA	NA	NA
KANG_AUTISM_2017	N12	N12	Neurotypical	9	Years	Male	10.1016/j.anaerobe.2017.12.007	Differences in fecal microbial metabolites and microbiota of children with autism spectrum disorders	C12	CATGTCGA	GGCGVACGGGTGAGTAA	104Fbarcod22	0	New	0	0	0	0	0	0	0	NA	NA	NA	NA	NA	NA	NA	NA	NA	NA	NA	NA	NA	NA	NA	NA
KANG_AUTISM_2017	N13	N13	Neurotypical	9	Years	Male	10.1016/j.anaerobe.2017.12.007	Differences in fecal microbial metabolites and microbiota of children with autism spectrum disorders	C5a	CATGTGCA	GGCGVACGGGTGAGTAA	104Fbarcod23	0	New	1	0	0	0	1	0	2	NA	NA	NA	NA	NA	NA	NA	NA	NA	NA	NA	NA	NA	NA	NA	NA
KANG_AUTISM_2017	N14	N14	Neurotypical	12	Years	Male	10.1016/j.anaerobe.2017.12.007	Differences in fecal microbial metabolites and microbiota of children with autism spectrum disorders	49	CATCGAAC	GGCGVACGGGTGAGTAA	104Fbarcod1	0	New	0	0	0	1	2	1	4	NA	NA	NA	NA	NA	NA	NA	NA	NA	NA	NA	NA	NA	NA	NA	NA
KANG_AUTISM_2017	N15	N15	Neurotypical	16	Years	Female	10.1016/j.anaerobe.2017.12.007	Differences in fecal microbial metabolites and microbiota of children with autism spectrum disorders	51	CATCGATG	GGCGVACGGGTGAGTAA	104Fbarcod2	0	New	2	0	0	0	1	1	4	NA	NA	NA	NA	NA	NA	NA	NA	NA	NA	NA	NA	NA	NA	NA	NA
KANG_AUTISM_2017	N16	N16	Neurotypical	14	Years	Female	10.1016/j.anaerobe.2017.12.007	Differences in fecal microbial metabolites and microbiota of children with autism spectrum disorders	52	CATCGTAG	GGCGVACGGGTGAGTAA	104Fbarcod3	AADF	New	1	0	0	0	1	2	4	NA	NA	NA	NA	NA	NA	NA	NA	NA	NA	NA	NA	NA	NA	NA	NA
KANG_AUTISM_2017	N17	N17	Neurotypical	11	Years	Male	10.1016/j.anaerobe.2017.12.007	Differences in fecal microbial metabolites and microbiota of children with autism spectrum disorders	55	CATCGTTC	GGCGVACGGGTGAGTAA	104Fbarcod4	0	New	2	0	0	2	1	2	7	NA	NA	NA	NA	NA	NA	NA	NA	NA	NA	NA	NA	NA	NA	NA	NA
KANG_AUTISM_2017	N18	N18	Neurotypical	12	Years	Female	10.1016/j.anaerobe.2017.12.007	Differences in fecal microbial metabolites and microbiota of children with autism spectrum disorders	56	CATCTCCA	GGCGVACGGGTGAGTAA	104Fbarcod5	0	New	1	0	0	1	2	1	5	NA	NA	NA	NA	NA	NA	NA	NA	NA	NA	NA	NA	NA	NA	NA	NA
KANG_AUTISM_2017	N19	N19	Neurotypical	5	Years	Female	10.1016/j.anaerobe.2017.12.007	Differences in fecal microbial metabolites and microbiota of children with autism spectrum disorders	58	CATCTCGT	GGCGVACGGGTGAGTAA	104Fbarcod6	0	New	1	0	0	0	1	0	2	NA	NA	NA	NA	NA	NA	NA	NA	NA	NA	NA	NA	NA	NA	NA	NA
KANG_AUTISM_2017	N20	N20	Neurotypical	13	Years	Male	10.1016/j.anaerobe.2017.12.007	Differences in fecal microbial metabolites and microbiota of children with autism spectrum disorders	59	CATCTGCT	GGCGVACGGGTGAGTAA	104Fbarcod7	0	New	0	0	1	1	2	1	5	NA	NA	NA	NA	NA	NA	NA	NA	NA	NA	NA	NA	NA	NA	NA	NA
KANG_AUTISM_2017	N21	N21	Neurotypical	5	Years	Male	10.1016/j.anaerobe.2017.12.007	Differences in fecal microbial metabolites and microbiota of children with autism spectrum disorders	61	CATCTGGA	GGCGVACGGGTGAGTAA	104Fbarcod8	0	New	0	0	0	0	0	0	0	NA	NA	NA	NA	NA	NA	NA	NA	NA	NA	NA	NA	NA	NA	NA	NA
KANG_AUTISM_2017	A01	A01	Autistic 	13	Years	Male	10.1016/j.anaerobe.2017.12.007	Differences in fecal microbial metabolites and microbiota of children with autism spectrum disorders	A1	CATGACCA	GGCGVACGGGTGAGTAA	104Fbarcod9	0	New	2	0	1	0	0	0	3	3	34	29	42	108	42	17	21	22	12	NA	35	46	42	6	46
KANG_AUTISM_2017	A02	A02	Autistic 	4	Years	Male	10.1016/j.anaerobe.2017.12.007	Differences in fecal microbial metabolites and microbiota of children with autism spectrum disorders	A6	CATGACGT	GGCGVACGGGTGAGTAA	104Fbarcod10	0	New	2	0	0	0	0	0	2	15	8	14	23	60	34	10	10	81	46	12	26	32	23	25	-73
KANG_AUTISM_2017	A03	A03	Autistic 	9	Years	Male	10.1016/j.anaerobe.2017.12.007	Differences in fecal microbial metabolites and microbiota of children with autism spectrum disorders	A7	CCAACGAT	GGCGVACGGGTGAGTAA	104Fbarcod27	0	New	0	0	0	0	1	1	2	6	3	16	19	41	11	13	18	71	69	20	13	19	9	28	-98
KANG_AUTISM_2017	A04	A04	Autistic 	9	Years	Male	10.1016/j.anaerobe.2017.12.007	Differences in fecal microbial metabolites and microbiota of children with autism spectrum disorders	A8	CCAACGTA	GGCGVACGGGTGAGTAA	104Fbarcod28	0	New	2	1	1	2	2	1	9	22	10	20	20	72	16	19	10	39	13	0	19	19	33	19	-7
KANG_AUTISM_2017	A05	A05	Autistic 	6	Years	Male	10.1016/j.anaerobe.2017.12.007	Differences in fecal microbial metabolites and microbiota of children with autism spectrum disorders	A9	CCAAGCAT	GGCGVACGGGTGAGTAA	104Fbarcod29	0	New	1	0	0	1	0	0	2	2	5	6	11	24	6	2	5	76	93	1	12	2	6	33	-156
KANG_AUTISM_2017	A06	A06	Autistic 	9	Years	Male	10.1016/j.anaerobe.2017.12.007	Differences in fecal microbial metabolites and microbiota of children with autism spectrum disorders	A10	CCAAGCTA	GGCGVACGGGTGAGTAA	104Fbarcod30	0	Revisit	1	1	1	2	2	2	9	6	26	19	49	100	32	17	20	66	57	14	27	27	36	22	-54
KANG_AUTISM_2017	A07	A07	Autistic 	7	Years	Male	10.1016/j.anaerobe.2017.12.007	Differences in fecal microbial metabolites and microbiota of children with autism spectrum disorders	A11	CCAAGGAA	GGCGVACGGGTGAGTAA	104Fbarcod31	0	Revisit	0	0	0	1	1	0	2	0	6	3	12	21	2	14	5	99	79	2	5	17	13	33	-157
KANG_AUTISM_2017	A08	A08	Autistic 	13	Years	Male	10.1016/j.anaerobe.2017.12.007	Differences in fecal microbial metabolites and microbiota of children with autism spectrum disorders	A12	CCAAGGTT	GGCGVACGGGTGAGTAA	104Fbarcod32	0	New	0	0	0	0	0	0	0	22	8	21	11	62	41	15	19	44	3	0	16	17	28	11	28
KANG_AUTISM_2017	A09	A09	Autistic 	7	Years	Male	10.1016/j.anaerobe.2017.12.007	Differences in fecal microbial metabolites and microbiota of children with autism spectrum disorders	A13	CCAATACG	GGCGVACGGGTGAGTAA	104Fbarcod33	0	Revisit	0	0	0	0	0	0	0	7	4	11	22	44	13	13	17	80	61	9	12	13	9	32	-98
KANG_AUTISM_2017	A10	A10	Autistic 	16	Years	Male	10.1016/j.anaerobe.2017.12.007	Differences in fecal microbial metabolites and microbiota of children with autism spectrum disorders	A18	CCAATAGC	GGCGVACGGGTGAGTAA	104Fbarcod34	0	Revisit	1	0	1	2	2	1	7	12	19	20	34	85	49	16	22	54	42	21	24	26	19	21	-9
KANG_AUTISM_2017	A11	A11	Autistic 	12	Years	Male	10.1016/j.anaerobe.2017.12.007	Differences in fecal microbial metabolites and microbiota of children with autism spectrum disorders	A19	CATGAGCT	GGCGVACGGGTGAGTAA	104Fbarcod11	0	Revisit	1	0	0	0	0	0	1	0	22	9	24	55	2	10	11	88	92	5	13	23	24	32	-157
KANG_AUTISM_2017	A12	A12	Autistic 	16	Years	Female	10.1016/j.anaerobe.2017.12.007	Differences in fecal microbial metabolites and microbiota of children with autism spectrum disorders	A21	CCAATTGG	GGCGVACGGGTGAGTAA	104Fbarcod36	0	New	1	0	1	1	2	1	6	2	0	1	10	13	2	13	8	72	0	8	7	25	9	0	-49
KANG_AUTISM_2017	A13	A13	Autistic 	17	Years	Male	10.1016/j.anaerobe.2017.12.007	Differences in fecal microbial metabolites and microbiota of children with autism spectrum disorders	A22	CCATAACG	GGCGVACGGGTGAGTAA	104Fbarcod37	0	New	2	0	0	0	2	0	4	0	21	8	15	55	12	26	7	69	88	9	14	14	15	35	-112
KANG_AUTISM_2017	A14	A14	Autistic 	6	Years	Male	10.1016/j.anaerobe.2017.12.007	Differences in fecal microbial metabolites and microbiota of children with autism spectrum disorders	A23	CCATAAGC	GGCGVACGGGTGAGTAA	104Fbarcod38	0	New	0	1	2	2	0	2	7	20	26	24	37	107	13	3	3	25	0	0	26	5	41	2	-6
KANG_AUTISM_2017	A15	A15	Autistic 	4	Years	Male	10.1016/j.anaerobe.2017.12.007	Differences in fecal microbial metabolites and microbiota of children with autism spectrum disorders	A24	CATGAGGA	GGCGVACGGGTGAGTAA	104Fbarcod12	0	Revisit	2	1	1	1	2	1	8	20	17	26	64	127	43	31	18	29	14	13	29	37	35	7	49
KANG_AUTISM_2017	A16	A16	Autistic 	11	Years	Male	10.1016/j.anaerobe.2017.12.007	Differences in fecal microbial metabolites and microbiota of children with autism spectrum disorders	1b	CATGCAAC	GGCGVACGGGTGAGTAA	104Fbarcod13	0	New	0	0	1	1	0	0	2	2	4	6	14	26	6	8	6	83	88	10	11	16	3	33	-151
KANG_AUTISM_2017	A17	A17	Autistic 	9	Years	Male	10.1016/j.anaerobe.2017.12.007	Differences in fecal microbial metabolites and microbiota of children with autism spectrum disorders	3b	CATGCATG	GGCGVACGGGTGAGTAA	104Fbarcod14	0	New	2	0	0	0	2	2	6	19	16	16	16	67	25	11	12	40	0	NA	18	6	16	8	8
KANG_AUTISM_2017	A18	A18	Autistic 	13	Years	Male	10.1016/j.anaerobe.2017.12.007	Differences in fecal microbial metabolites and microbiota of children with autism spectrum disorders	6b	CATGCTAG	GGCGVACGGGTGAGTAA	104Fbarcod15	0	New	2	0	1	2	1	0	6	2	20	22	29	73	27	20	21	48	61	27	31	22	7	0	-41
KANG_AUTISM_2017	A19	A19	Autistic 	14	Years	Male	10.1016/j.anaerobe.2017.12.007	Differences in fecal microbial metabolites and microbiota of children with autism spectrum disorders	8b	CATGCTTC	GGCGVACGGGTGAGTAA	104Fbarcod16	0	New	2	0	0	2	0	2	6	6	15	7	28	56	22	16	9	82	83	13	30	45	12	32	-118
KANG_AUTISM_2017	A20	A20	Autistic 	15	Years	Male	10.1016/j.anaerobe.2017.12.007	Differences in fecal microbial metabolites and microbiota of children with autism spectrum disorders	9b	CATGGAAG	GGCGVACGGGTGAGTAA	104Fbarcod17	0	New	2	0	0	2	1	2	7	3	16	3	27	49	7	15	28	82	67	11	6	28	11	36	-99
KANG_AUTISM_2017	A21	A21	Autistic 	6	Years	Male	10.1016/j.anaerobe.2017.12.007	Differences in fecal microbial metabolites and microbiota of children with autism spectrum disorders	12b	CATGGATC	GGCGVACGGGTGAGTAA	104Fbarcod18	AADF	New	0	0	1	0	0	0	1	9	21	18	27	75	26	20	26	48	57	28	24	30	38	15	-33
KANG_AUTISM_2017	A22	A22	Autistic 	5	Years	Male	10.1016/j.anaerobe.2017.12.007	Differences in fecal microbial metabolites and microbiota of children with autism spectrum disorders	18b	CCATATGG	GGCGVACGGGTGAGTAA	104Fbarcod40	0	New	1	0	0	2	2	1	6	13	10	0	39	62	49	35	10	76	21	12	27	37	22	31	-3
KANG_AUTISM_2017	A23	A23	Autistic 	12	Years	Male	10.1016/j.anaerobe.2017.12.007	Differences in fecal microbial metabolites and microbiota of children with autism spectrum disorders	20b	CATGGTAC	GGCGVACGGGTGAGTAA	104Fbarcod19	0	New	1	1	1	1	2	1	7	6	8	12	29	55	14	19	19	85	70	22	7	16	12	32	-103
