node	taxon_phylum	taxon_class	taxon_order	taxon_family	taxon_genus	averaged_taxon_mean_abundance	averaged_taxon_perc_of_non_zeros	node_type	HMDB_name	HMDB_sub_class	HMDB_class	HMDB_super_Class	HMDB_source_food	HMDB_source_microbial	taxon_phylum_or_hmdb_class	node_size_factor
d__Bacteria;p__Firmicutes_A;c__Clostridia;o__Oscillospirales;f__Acutalibacteraceae;g__CAG-217	p__Firmicutes_A	c__Clostridia	o__Oscillospirales	f__Acutalibacteraceae	g__CAG-217	0.0012963028482090128	72.44582043343654	Genus							p__Firmicutes_A	0.0012963028482090128
d__Bacteria;p__Proteobacteria;c__Gammaproteobacteria;o__Enterobacterales;f__Enterobacteriaceae;g__Klebsiella	p__Proteobacteria	c__Gammaproteobacteria	o__Enterobacterales	f__Enterobacteriaceae	g__Klebsiella	0.0013541670060359396	53.69504209541628	Genus							p__Proteobacteria	0.0013541670060359396
d__Bacteria;p__Firmicutes_A;c__Clostridia;o__Oscillospirales;f__Oscillospiraceae;g__CAG-170	p__Firmicutes_A	c__Clostridia	o__Oscillospirales	f__Oscillospiraceae	g__CAG-170	0.0028458252610062164	99.36157864190366	Genus							p__Firmicutes_A	0.0028458252610062164
d__Bacteria;p__Firmicutes_A;c__Clostridia;o__Oscillospirales;f__Oscillospiraceae;g__CAG-83	p__Firmicutes_A	c__Clostridia	o__Oscillospirales	f__Oscillospiraceae	g__CAG-83	0.0056582411510099	89.69482529854047	Genus							p__Firmicutes_A	0.0056582411510099
d__Bacteria;p__Firmicutes_A;c__Clostridia;o__Lachnospirales;f__Lachnospiraceae;g__CAG-127	p__Firmicutes_A	c__Clostridia	o__Lachnospirales	f__Lachnospiraceae	g__CAG-127	0.00234191089732365	80.31844316674038	Genus							p__Firmicutes_A	0.00234191089732365
d__Bacteria;p__Proteobacteria;c__Gammaproteobacteria;o__Enterobacterales;f__Enterobacteriaceae;g__Escherichia	p__Proteobacteria	c__Gammaproteobacteria	o__Enterobacterales	f__Enterobacteriaceae	g__Escherichia	0.010736209280092309	81.35451505016722	Genus							p__Proteobacteria	0.010736209280092309
d__Bacteria;p__Firmicutes_A;c__Clostridia;o__Oscillospirales;f__Acutalibacteraceae;g__CAG-177	p__Firmicutes_A	c__Clostridia	o__Oscillospirales	f__Acutalibacteraceae	g__CAG-177	0.0011531867495556077	74.74568774878372	Genus							p__Firmicutes_A	0.0011531867495556077
d__Bacteria;p__Firmicutes_A;c__Clostridia;o__Oscillospirales;f__Acutalibacteraceae;g__CAG-180	p__Firmicutes_A	c__Clostridia	o__Oscillospirales	f__Acutalibacteraceae	g__CAG-180	0.003744590052069984	79.96461742591774	Genus							p__Firmicutes_A	0.003744590052069984
d__Bacteria;p__Firmicutes_A;c__Clostridia_A;o__Christensenellales;f__CAG-138;g__PeH17	p__Firmicutes_A	c__Clostridia_A	o__Christensenellales	f__CAG-138	g__PeH17	0.0010568460961136758	87.92803250145096	Genus							p__Firmicutes_A	0.0010568460961136758
d__Bacteria;p__Firmicutes_A;c__Clostridia_A;o__Christensenellales;f__CAG-74;g__UBA11524	p__Firmicutes_A	c__Clostridia_A	o__Christensenellales	f__CAG-74	g__UBA11524	0.0019775757805883753	69.04024767801857	Genus							p__Firmicutes_A	0.0019775757805883753
d__Bacteria;p__Firmicutes_A;c__Clostridia;o__Lachnospirales;f__Lachnospiraceae;g__Blautia	p__Firmicutes_A	c__Clostridia	o__Lachnospirales	f__Lachnospiraceae	g__Blautia	0.004551209852184472	83.85670057496682	Genus							p__Firmicutes_A	0.004551209852184472
d__Bacteria;p__Firmicutes_A;c__Clostridia;o__Lachnospirales;f__Lachnospiraceae;g__Coprococcus	p__Firmicutes_A	c__Clostridia	o__Lachnospirales	f__Lachnospiraceae	g__Coprococcus	0.004961291852474796	83.57023411371237	Genus							p__Firmicutes_A	0.004961291852474796
d__Bacteria;p__Firmicutes_A;c__Clostridia;o__Lachnospirales;f__Lachnospiraceae;g__Eubacterium_F	p__Firmicutes_A	c__Clostridia	o__Lachnospirales	f__Lachnospiraceae	g__Eubacterium_F	0.0017695185361031075	88.81026094648385	Genus							p__Firmicutes_A	0.0017695185361031075
d__Bacteria;p__Bacteroidota;c__Bacteroidia;o__Bacteroidales;f__Marinifilaceae;g__Odoribacter	p__Bacteroidota	c__Bacteroidia	o__Bacteroidales	f__Marinifilaceae	g__Odoribacter	0.003952733095283012	89.79933110367892	Genus							p__Bacteroidota	0.003952733095283012
d__Bacteria;p__Firmicutes_A;c__Clostridia;o__Oscillospirales;f__Oscillospiraceae;g__CAG-103	p__Firmicutes_A	c__Clostridia	o__Oscillospirales	f__Oscillospiraceae	g__CAG-103	0.001960731741714287	96.98200812536274	Genus							p__Firmicutes_A	0.001960731741714287
d__Bacteria;p__Firmicutes_A;c__Clostridia;o__Oscillospirales;f__Oscillospiraceae;g__Dysosmobacter	p__Firmicutes_A	c__Clostridia	o__Oscillospirales	f__Oscillospiraceae	g__Dysosmobacter	0.00662231408034866	98.9827509951349	Genus							p__Firmicutes_A	0.00662231408034866
d__Bacteria;p__Firmicutes_A;c__Clostridia;o__Oscillospirales;f__Oscillospiraceae;g__ER4	p__Firmicutes_A	c__Clostridia	o__Oscillospirales	f__Oscillospiraceae	g__ER4	0.003654633456566522	91.72932330827068	Genus							p__Firmicutes_A	0.003654633456566522
d__Bacteria;p__Firmicutes_A;c__Clostridia;o__Oscillospirales;f__Oscillospiraceae;g__UBA5446	p__Firmicutes_A	c__Clostridia	o__Oscillospirales	f__Oscillospiraceae	g__UBA5446	0.0011171286707027754	98.66511897852583	Genus							p__Firmicutes_A	0.0011171286707027754
d__Bacteria;p__Bacteroidota;c__Bacteroidia;o__Bacteroidales;f__Rikenellaceae;g__Alistipes	p__Bacteroidota	c__Bacteroidia	o__Bacteroidales	f__Rikenellaceae	g__Alistipes	0.033433699780781374	98.28595317725753	Genus							p__Bacteroidota	0.033433699780781374
d__Bacteria;p__Bacteroidota;c__Bacteroidia;o__Bacteroidales;f__Rikenellaceae;g__Alistipes_A	p__Bacteroidota	c__Bacteroidia	o__Bacteroidales	f__Rikenellaceae	g__Alistipes_A	0.0010353772403918083	86.28925254312252	Genus							p__Bacteroidota	0.0010353772403918083
d__Bacteria;p__Firmicutes_A;c__Clostridia;o__Oscillospirales;f__Ruminococcaceae;g__Ruminococcus	p__Firmicutes_A	c__Clostridia	o__Oscillospirales	f__Ruminococcaceae	g__Ruminococcus	0.003610068916539261	86.10851262862488	Genus							p__Firmicutes_A	0.003610068916539261
d__Bacteria;p__Firmicutes_A;c__Clostridia;o__Oscillospirales;f__Ruminococcaceae;g__Ruminococcus_C	p__Firmicutes_A	c__Clostridia	o__Oscillospirales	f__Ruminococcaceae	g__Ruminococcus_C	0.002634745982821475	85.00663423264042	Genus							p__Firmicutes_A	0.002634745982821475
d__Bacteria;p__Firmicutes_A;c__Clostridia;o__Oscillospirales;f__Acutalibacteraceae;g__Ruminococcus_E	p__Firmicutes_A	c__Clostridia	o__Oscillospirales	f__Acutalibacteraceae	g__Ruminococcus_E	0.008697808127644882	92.43697478991596	Genus							p__Firmicutes_A	0.008697808127644882
d__Bacteria;p__Firmicutes_A;c__Clostridia;o__Lachnospirales;f__Lachnospiraceae;g__KLE1615	p__Firmicutes_A	c__Clostridia	o__Lachnospirales	f__Lachnospiraceae	g__KLE1615	0.002001826863855788	92.6138876603273	Genus							p__Firmicutes_A	0.002001826863855788
d__Bacteria;p__Firmicutes_A;c__Clostridia;o__Oscillospirales;f__Ruminococcaceae;g__Ruminococcus_D	p__Firmicutes_A	c__Clostridia	o__Oscillospirales	f__Ruminococcaceae	g__Ruminococcus_D	0.007116020985454097	91.0216718266254	Genus							p__Firmicutes_A	0.007116020985454097
d__Bacteria;p__Firmicutes_C;c__Negativicutes;o__Veillonellales;f__Veillonellaceae;g__Veillonella	p__Firmicutes_C	c__Negativicutes	o__Veillonellales	f__Veillonellaceae	g__Veillonella	0.0045985873798265004	82.10702341137124	Genus							p__Firmicutes_C	0.0045985873798265004
d__Bacteria;p__Firmicutes_A;c__Clostridia;o__Lachnospirales;f__Lachnospiraceae;g__Roseburia	p__Firmicutes_A	c__Clostridia	o__Lachnospirales	f__Lachnospiraceae	g__Roseburia	0.020473850317375353	97.36622073578596	Genus							p__Firmicutes_A	0.020473850317375353
d__Bacteria;p__Firmicutes_A;c__Clostridia;o__Oscillospirales;f__Ruminococcaceae;g__Ruthenibacterium	p__Firmicutes_A	c__Clostridia	o__Oscillospirales	f__Ruminococcaceae	g__Ruthenibacterium	0.0024462579164558833	87.1295886775763	Genus							p__Firmicutes_A	0.0024462579164558833
d__Bacteria;p__Firmicutes_A;c__Clostridia;o__Lachnospirales;f__Lachnospiraceae;g__RUG115	p__Firmicutes_A	c__Clostridia	o__Lachnospirales	f__Lachnospiraceae	g__RUG115	0.0015544078847934322	81.6452896948253	Genus							p__Firmicutes_A	0.0015544078847934322
d__Bacteria;p__Firmicutes_A;c__Clostridia;o__Oscillospirales;f__Acutalibacteraceae;g__Eubacterium_R	p__Firmicutes_A	c__Clostridia	o__Oscillospirales	f__Acutalibacteraceae	g__Eubacterium_R	0.002170277842139202	84.87394957983193	Genus							p__Firmicutes_A	0.002170277842139202
d__Bacteria;p__Firmicutes_A;c__Clostridia;o__Oscillospirales;f__Acutalibacteraceae;g__Clostridium_A	p__Firmicutes_A	c__Clostridia	o__Oscillospirales	f__Acutalibacteraceae	g__Clostridium_A	0.0014806939812241683	84.34321096859797	Genus							p__Firmicutes_A	0.0014806939812241683
d__Bacteria;p__Firmicutes_A;c__Clostridia;o__Lachnospirales;f__Lachnospiraceae;g__Agathobacter	p__Firmicutes_A	c__Clostridia	o__Lachnospirales	f__Lachnospiraceae	g__Agathobacter	0.039888634813834	97.30207872622734	Genus							p__Firmicutes_A	0.039888634813834
d__Bacteria;p__Firmicutes_A;c__Clostridia;o__Lachnospirales;f__Lachnospiraceae;g__Eubacterium_I	p__Firmicutes_A	c__Clostridia	o__Lachnospirales	f__Lachnospiraceae	g__Eubacterium_I	0.001983130670615825	87.4391862007961	Genus							p__Firmicutes_A	0.001983130670615825
d__Bacteria;p__Firmicutes_A;c__Clostridia;o__Lachnospirales;f__Lachnospiraceae;g__Fusicatenibacter	p__Firmicutes_A	c__Clostridia	o__Lachnospirales	f__Lachnospiraceae	g__Fusicatenibacter	0.010773704997771765	97.70013268465281	Genus							p__Firmicutes_A	0.010773704997771765
d__Bacteria;p__Firmicutes_A;c__Clostridia;o__Lachnospirales;f__Lachnospiraceae;g__Lachnospira	p__Firmicutes_A	c__Clostridia	o__Lachnospirales	f__Lachnospiraceae	g__Lachnospira	0.017660139086901266	97.1571906354515	Genus							p__Firmicutes_A	0.017660139086901266
d__Bacteria;p__Firmicutes_A;c__Clostridia;o__Lachnospirales;f__Lachnospiraceae;g__TF01-11	p__Firmicutes_A	c__Clostridia	o__Lachnospirales	f__Lachnospiraceae	g__TF01-11	0.002032573663784977	86.51039363113667	Genus							p__Firmicutes_A	0.002032573663784977
d__Bacteria;p__Firmicutes_A;c__Clostridia;o__Oscillospirales;f__Oscillospiraceae;g__Flavonifractor	p__Firmicutes_A	c__Clostridia	o__Oscillospirales	f__Oscillospiraceae	g__Flavonifractor	0.005235678029929457	90.59364548494983	Genus							p__Firmicutes_A	0.005235678029929457
d__Bacteria;p__Firmicutes_A;c__Clostridia;o__Oscillospirales;f__Oscillospiraceae;g__NK3B98	p__Firmicutes_A	c__Clostridia	o__Oscillospirales	f__Oscillospiraceae	g__NK3B98	0.001170106265419804	99.18746372605919	Genus							p__Firmicutes_A	0.001170106265419804
d__Bacteria;p__Firmicutes_A;c__Clostridia;o__Oscillospirales;f__Ruminococcaceae;g__Faecalibacterium	p__Firmicutes_A	c__Clostridia	o__Oscillospirales	f__Ruminococcaceae	g__Faecalibacterium	0.05515740158992527	99.28929765886288	Genus							p__Firmicutes_A	0.05515740158992527
d__Bacteria;p__Bacteroidota;c__Bacteroidia;o__Bacteroidales;f__Bacteroidaceae;g__Bacteroides	p__Bacteroidota	c__Bacteroidia	o__Bacteroidales	f__Bacteroidaceae	g__Bacteroides	0.1509942595336061	99.74916387959867	Genus							p__Bacteroidota	0.1509942595336061
d__Bacteria;p__Firmicutes_A;c__Clostridia;o__Oscillospirales;f__Acutalibacteraceae;g__UBA1691	p__Firmicutes_A	c__Clostridia	o__Oscillospirales	f__Acutalibacteraceae	g__UBA1691	0.001724553401980482	95.64712710388856	Genus							p__Firmicutes_A	0.001724553401980482
d__Bacteria;p__Firmicutes_A;c__Clostridia;o__Lachnospirales;f__Anaerotignaceae;g__Anaerotignum	p__Firmicutes_A	c__Clostridia	o__Lachnospirales	f__Anaerotignaceae	g__Anaerotignum	0.0017234479747331988	91.28704113224236	Genus							p__Firmicutes_A	0.0017234479747331988
d__Bacteria;p__Bacteroidota;c__Bacteroidia;o__Bacteroidales;f__Barnesiellaceae;g__Barnesiella	p__Bacteroidota	c__Bacteroidia	o__Bacteroidales	f__Barnesiellaceae	g__Barnesiella	0.005083498694100283	88.10260946483857	Genus							p__Bacteroidota	0.005083498694100283
d__Bacteria;p__Firmicutes_A;c__Clostridia;o__Clostridiales;f__Clostridiaceae;g__Clostridium	p__Firmicutes_A	c__Clostridia	o__Clostridiales	f__Clostridiaceae	g__Clostridium	0.002842355944571719	88.3361204013378	Genus							p__Firmicutes_A	0.002842355944571719
d__Bacteria;p__Proteobacteria;c__Gammaproteobacteria;o__Enterobacterales;f__Pasteurellaceae;g__Haemophilus_D	p__Proteobacteria	c__Gammaproteobacteria	o__Enterobacterales	f__Pasteurellaceae	g__Haemophilus_D	0.0019407373323858063	78.0185758513932	Genus							p__Proteobacteria	0.0019407373323858063
d__Bacteria;p__Firmicutes_A;c__Clostridia;o__Peptostreptococcales;f__Peptostreptococcaceae;g__Romboutsia	p__Firmicutes_A	c__Clostridia	o__Peptostreptococcales	f__Peptostreptococcaceae	g__Romboutsia	0.0017863707849134765	80.49522154648132	Genus							p__Firmicutes_A	0.0017863707849134765
d__Bacteria;p__Firmicutes;c__Bacilli;o__Lactobacillales;f__Streptococcaceae;g__Streptococcus	p__Firmicutes	c__Bacilli	o__Lactobacillales	f__Streptococcaceae	g__Streptococcus	0.00809964033932091	92.47491638795987	Genus							p__Firmicutes	0.00809964033932091
d__Bacteria;p__Bacteroidota;c__Bacteroidia;o__Bacteroidales;f__Tannerellaceae;g__Parabacteroides	p__Bacteroidota	c__Bacteroidia	o__Bacteroidales	f__Tannerellaceae	g__Parabacteroides	0.019664894016367822	97.28260869565217	Genus							p__Bacteroidota	0.019664894016367822
d__Bacteria;p__Firmicutes_A;c__Clostridia;o__Lachnospirales;f__Lachnospiraceae;g__Anaerobutyricum	p__Firmicutes_A	c__Clostridia	o__Lachnospirales	f__Lachnospiraceae	g__Anaerobutyricum	0.007084662144432564	97.87704555506413	Genus							p__Firmicutes_A	0.007084662144432564
d__Bacteria;p__Proteobacteria;c__Gammaproteobacteria;o__Burkholderiales;f__Burkholderiaceae;g__Parasutterella	p__Proteobacteria	c__Gammaproteobacteria	o__Burkholderiales	f__Burkholderiaceae	g__Parasutterella	0.0026705748372619397	88.23529411764706	Genus							p__Proteobacteria	0.0026705748372619397
d__Bacteria;p__Firmicutes_A;c__Clostridia;o__Oscillospirales;f__Acutalibacteraceae;g__UBA1417	p__Firmicutes_A	c__Clostridia	o__Oscillospirales	f__Acutalibacteraceae	g__UBA1417	0.0038646985484628847	87.79301194161876	Genus							p__Firmicutes_A	0.0038646985484628847
d__Bacteria;p__Proteobacteria;c__Alphaproteobacteria;o__RF32;f__CAG-239;g__CAG-495	p__Proteobacteria	c__Alphaproteobacteria	o__RF32	f__CAG-239	g__CAG-495	0.0013597661955766784	74.34763379035824	Genus							p__Proteobacteria	0.0013597661955766784
d__Bacteria;p__Firmicutes_A;c__Clostridia;o__Lachnospirales;f__Lachnospiraceae;g__Enterocloster	p__Firmicutes_A	c__Clostridia	o__Lachnospirales	f__Lachnospiraceae	g__Enterocloster	0.007139899289275852	92.79080053073861	Genus							p__Firmicutes_A	0.007139899289275852
d__Bacteria;p__Firmicutes_A;c__Clostridia;o__Lachnospirales;f__Lachnospiraceae;g__Faecalimonas	p__Firmicutes_A	c__Clostridia	o__Lachnospirales	f__Lachnospiraceae	g__Faecalimonas	0.005374643372335668	80.71649712516586	Genus							p__Firmicutes_A	0.005374643372335668
d__Bacteria;p__Firmicutes_A;c__Clostridia;o__Lachnospirales;f__Lachnospiraceae;g__Ruminococcus_B	p__Firmicutes_A	c__Clostridia	o__Lachnospirales	f__Lachnospiraceae	g__Ruminococcus_B	0.011084089758553534	83.4866220735786	Genus							p__Firmicutes_A	0.011084089758553534
d__Bacteria;p__Firmicutes_A;c__Clostridia;o__Oscillospirales;f__Ruminococcaceae;g__Ruminiclostridium_E	p__Firmicutes_A	c__Clostridia	o__Oscillospirales	f__Ruminococcaceae	g__Ruminiclostridium_E	0.004387150166283433	88.81026094648385	Genus							p__Firmicutes_A	0.004387150166283433
d__Bacteria;p__Firmicutes_A;c__Clostridia;o__Lachnospirales;f__Lachnospiraceae;g__UBA7182	p__Firmicutes_A	c__Clostridia	o__Lachnospirales	f__Lachnospiraceae	g__UBA7182	0.0010234288432195257	82.88367978770455	Genus							p__Firmicutes_A	0.0010234288432195257
d__Bacteria;p__Firmicutes_C;c__Negativicutes;o__Selenomonadales;f__Selenomonadaceae;g__Megamonas	p__Firmicutes_C	c__Negativicutes	o__Selenomonadales	f__Selenomonadaceae	g__Megamonas	0.0029051603168342714	50.209030100334445	Genus							p__Firmicutes_C	0.0029051603168342714
d__Bacteria;p__Firmicutes_A;c__Clostridia;o__Lachnospirales;f__Lachnospiraceae;g__Butyrivibrio_A	p__Firmicutes_A	c__Clostridia	o__Lachnospirales	f__Lachnospiraceae	g__Butyrivibrio_A	0.0013054813785615042	77.35515258735073	Genus							p__Firmicutes_A	0.0013054813785615042
d__Bacteria;p__Firmicutes_A;c__Clostridia;o__Oscillospirales;f__Ruminococcaceae;g__UBA1394	p__Firmicutes_A	c__Clostridia	o__Oscillospirales	f__Ruminococcaceae	g__UBA1394	0.0013071962887114875	78.72622733303848	Genus							p__Firmicutes_A	0.0013071962887114875
d__Bacteria;p__Firmicutes_A;c__Clostridia;o__Oscillospirales;f__Oscillospiraceae;g__Lawsonibacter	p__Firmicutes_A	c__Clostridia	o__Oscillospirales	f__Oscillospiraceae	g__Lawsonibacter	0.004292711952246872	95.04643962848297	Genus							p__Firmicutes_A	0.004292711952246872
d__Bacteria;p__Firmicutes_A;c__Clostridia;o__Peptostreptococcales;f__Peptostreptococcaceae;g__Clostridioides	p__Firmicutes_A	c__Clostridia	o__Peptostreptococcales	f__Peptostreptococcaceae	g__Clostridioides	0.002732823943745054	69.61400359066427	Genus							p__Firmicutes_A	0.002732823943745054
d__Bacteria;p__Firmicutes_A;c__Clostridia;o__Lachnospirales;f__Lachnospiraceae;g__Anaerostipes	p__Firmicutes_A	c__Clostridia	o__Lachnospirales	f__Lachnospiraceae	g__Anaerostipes	0.011051770400484754	96.48829431438126	Genus							p__Firmicutes_A	0.011051770400484754
d__Bacteria;p__Verrucomicrobiota;c__Verrucomicrobiae;o__Verrucomicrobiales;f__Akkermansiaceae;g__Akkermansia	p__Verrucomicrobiota	c__Verrucomicrobiae	o__Verrucomicrobiales	f__Akkermansiaceae	g__Akkermansia	0.008589776329031995	80.47658862876254	Genus							p__Verrucomicrobiota	0.008589776329031995
d__Bacteria;p__Firmicutes;c__Bacilli;o__Erysipelotrichales;f__Erysipelotrichaceae;g__Holdemanella	p__Firmicutes	c__Bacilli	o__Erysipelotrichales	f__Erysipelotrichaceae	g__Holdemanella	0.001860725464178605	80.0530738611234	Genus							p__Firmicutes	0.001860725464178605
d__Bacteria;p__Firmicutes_A;c__Clostridia;o__Oscillospirales;f__Oscillospiraceae;g__Evtepia	p__Firmicutes_A	c__Clostridia	o__Oscillospirales	f__Oscillospiraceae	g__Evtepia	0.0014376581098487322	84.30493273542601	Genus							p__Firmicutes_A	0.0014376581098487322
d__Bacteria;p__Firmicutes_A;c__Clostridia;o__Oscillospirales;f__Ruminococcaceae;g__Gemmiger	p__Firmicutes_A	c__Clostridia	o__Oscillospirales	f__Ruminococcaceae	g__Gemmiger	0.015196854529892367	97.21362229102168	Genus							p__Firmicutes_A	0.015196854529892367
d__Bacteria;p__Firmicutes_A;c__Clostridia;o__Lachnospirales;f__Lachnospiraceae;g__Mediterraneibacter	p__Firmicutes_A	c__Clostridia	o__Lachnospirales	f__Lachnospiraceae	g__Mediterraneibacter	0.0130616572221999	96.32905793896506	Genus							p__Firmicutes_A	0.0130616572221999
d__Bacteria;p__Firmicutes;c__Bacilli;o__Erysipelotrichales;f__Erysipelotrichaceae;g__Clostridium_AQ	p__Firmicutes	c__Bacilli	o__Erysipelotrichales	f__Erysipelotrichaceae	g__Clostridium_AQ	0.001050024974947929	81.18729096989966	Genus							p__Firmicutes	0.001050024974947929
d__Bacteria;p__Firmicutes_A;c__Clostridia;o__Lachnospirales;f__Lachnospiraceae;g__Dorea	p__Firmicutes_A	c__Clostridia	o__Lachnospirales	f__Lachnospiraceae	g__Dorea	0.002513737971802387	88.41973244147157	Genus							p__Firmicutes_A	0.002513737971802387
d__Bacteria;p__Actinobacteriota;c__Actinomycetia;o__Actinomycetales;f__Bifidobacteriaceae;g__Bifidobacterium	p__Actinobacteriota	c__Actinomycetia	o__Actinomycetales	f__Bifidobacteriaceae	g__Bifidobacterium	0.019197620831704277	88.08528428093645	Genus							p__Actinobacteriota	0.019197620831704277
d__Bacteria;p__Firmicutes_A;c__Clostridia;o__Lachnospirales;f__Lachnospiraceae;g__UMGS1375	p__Firmicutes_A	c__Clostridia	o__Lachnospirales	f__Lachnospiraceae	g__UMGS1375	0.0014096640687495767	83.41441839893852	Genus							p__Firmicutes_A	0.0014096640687495767
d__Bacteria;p__Firmicutes_A;c__Clostridia;o__Lachnospirales;f__Lachnospiraceae;g__Acetatifactor	p__Firmicutes_A	c__Clostridia	o__Lachnospirales	f__Lachnospiraceae	g__Acetatifactor	0.00856013721989447	94.02919062361786	Genus							p__Firmicutes_A	0.00856013721989447
d__Bacteria;p__Firmicutes_A;c__Clostridia;o__Lachnospirales;f__Lachnospiraceae;g__UBA9502	p__Firmicutes_A	c__Clostridia	o__Lachnospirales	f__Lachnospiraceae	g__UBA9502	0.0017865366660372041	84.93459630130808	Genus							p__Firmicutes_A	0.0017865366660372041
d__Bacteria;p__Firmicutes_A;c__Clostridia;o__Lachnospirales;f__Lachnospiraceae;g__Blautia_A	p__Firmicutes_A	c__Clostridia	o__Lachnospirales	f__Lachnospiraceae	g__Blautia_A	0.058578907280962426	99.83277591973244	Genus							p__Firmicutes_A	0.058578907280962426
d__Bacteria;p__Bacteroidota;c__Bacteroidia;o__Bacteroidales;f__Bacteroidaceae;g__Paraprevotella	p__Bacteroidota	c__Bacteroidia	o__Bacteroidales	f__Bacteroidaceae	g__Paraprevotella	0.0028765256895200864	76.25418060200668	Genus							p__Bacteroidota	0.0028765256895200864
d__Bacteria;p__Firmicutes_A;c__Clostridia;o__Monoglobales_A;f__UBA1381;g__CAG-41	p__Firmicutes_A	c__Clostridia	o__Monoglobales_A	f__UBA1381	g__CAG-41	0.0021644847227725358	94.55992923485184	Genus							p__Firmicutes_A	0.0021644847227725358
d__Bacteria;p__Firmicutes_A;c__Clostridia;o__Oscillospirales;f__Oscillospiraceae;g__CAG-110	p__Firmicutes_A	c__Clostridia	o__Oscillospirales	f__Oscillospiraceae	g__CAG-110	0.003207613493391961	99.76784677887406	Genus							p__Firmicutes_A	0.003207613493391961
d__Bacteria;p__Firmicutes_A;c__Clostridia;o__Lachnospirales;f__Lachnospiraceae;g__CAG-81	p__Firmicutes_A	c__Clostridia	o__Lachnospirales	f__Lachnospiraceae	g__CAG-81	0.003461420978106576	89.07563025210084	Genus							p__Firmicutes_A	0.003461420978106576
d__Bacteria;p__Firmicutes;c__Bacilli;o__Lactobacillales;f__Lactobacillaceae;g__Lactobacillus	p__Firmicutes	c__Bacilli	o__Lactobacillales	f__Lactobacillaceae	g__Lactobacillus	0.0021181486011125294	67.33390119250426	Genus							p__Firmicutes	0.0021181486011125294
d__Bacteria;p__Bacteroidota;c__Bacteroidia;o__Bacteroidales;f__Muribaculaceae;g__CAG-279	p__Bacteroidota	c__Bacteroidia	o__Bacteroidales	f__Muribaculaceae	g__CAG-279	0.0010114024766413392	84.35475834578973	Genus							p__Bacteroidota	0.0010114024766413392
d__Bacteria;p__Firmicutes_A;c__Clostridia;o__Lachnospirales;f__Lachnospiraceae;g__Eisenbergiella	p__Firmicutes_A	c__Clostridia	o__Lachnospirales	f__Lachnospiraceae	g__Eisenbergiella	0.003477662469408435	89.78328173374614	Genus							p__Firmicutes_A	0.003477662469408435
d__Bacteria;p__Firmicutes_C;c__Negativicutes;o__Acidaminococcales;f__Acidaminococcaceae;g__Acidaminococcus	p__Firmicutes_C	c__Negativicutes	o__Acidaminococcales	f__Acidaminococcaceae	g__Acidaminococcus	0.0015843895112412833	71.57190635451505	Genus							p__Firmicutes_C	0.0015843895112412833
d__Bacteria;p__Firmicutes_A;c__Clostridia;o__Oscillospirales;f__Butyricicoccaceae;g__Agathobaculum	p__Firmicutes_A	c__Clostridia	o__Oscillospirales	f__Butyricicoccaceae	g__Agathobaculum	0.0021084768520561086	96.46174259177356	Genus							p__Firmicutes_A	0.0021084768520561086
d__Bacteria;p__Bacteroidota;c__Bacteroidia;o__Bacteroidales;f__Bacteroidaceae;g__Prevotella	p__Bacteroidota	c__Bacteroidia	o__Bacteroidales	f__Bacteroidaceae	g__Prevotella	0.055388316470128866	86.45484949832776	Genus							p__Bacteroidota	0.055388316470128866
d__Bacteria;p__Firmicutes_A;c__Clostridia;o__Lachnospirales;f__Lachnospiraceae;g__Ruminococcus_A	p__Firmicutes_A	c__Clostridia	o__Lachnospirales	f__Lachnospiraceae	g__Ruminococcus_A	0.003524654839191872	88.01415302963291	Genus							p__Firmicutes_A	0.003524654839191872
d__Bacteria;p__Firmicutes_A;c__Clostridia;o__Peptostreptococcales;f__Peptostreptococcaceae;g__Intestinibacter	p__Firmicutes_A	c__Clostridia	o__Peptostreptococcales	f__Peptostreptococcaceae	g__Intestinibacter	0.0017325761932420567	84.56435205661212	Genus							p__Firmicutes_A	0.0017325761932420567
d__Bacteria;p__Firmicutes_A;c__Clostridia;o__Oscillospirales;f__Acutalibacteraceae;g__Acutalibacter	p__Firmicutes_A	c__Clostridia	o__Oscillospirales	f__Acutalibacteraceae	g__Acutalibacter	0.001280440312245882	81.95488721804512	Genus							p__Firmicutes_A	0.001280440312245882
d__Bacteria;p__Desulfobacterota;c__Desulfovibrionia;o__Desulfovibrionales;f__Desulfovibrionaceae;g__Bilophila	p__Desulfobacterota	c__Desulfovibrionia	o__Desulfovibrionales	f__Desulfovibrionaceae	g__Bilophila	0.0014066141163340863	82.94314381270902	Genus							p__Desulfobacterota	0.0014066141163340863
d__Bacteria;p__Firmicutes_C;c__Negativicutes;o__Acidaminococcales;f__Acidaminococcaceae;g__Phascolarctobacterium	p__Firmicutes_C	c__Negativicutes	o__Acidaminococcales	f__Acidaminococcaceae	g__Phascolarctobacterium	0.003707057493959318	85.18354710305175	Genus							p__Firmicutes_C	0.003707057493959318
d__Bacteria;p__Firmicutes_C;c__Negativicutes;o__Acidaminococcales;f__Acidaminococcaceae;g__Phascolarctobacterium_A	p__Firmicutes_C	c__Negativicutes	o__Acidaminococcales	f__Acidaminococcaceae	g__Phascolarctobacterium_A	0.0018584194731803136	77.88461538461539	Genus							p__Firmicutes_C	0.0018584194731803136
d__Bacteria;p__Actinobacteriota;c__Coriobacteriia;o__Coriobacteriales;f__Coriobacteriaceae;g__Collinsella	p__Actinobacteriota	c__Coriobacteriia	o__Coriobacteriales	f__Coriobacteriaceae	g__Collinsella	0.010994402775966026	92.68394648829431	Genus							p__Actinobacteriota	0.010994402775966026
d__Bacteria;p__Firmicutes;c__Bacilli;o__Erysipelotrichales;f__Erysipelatoclostridiaceae;g__Catenibacterium	p__Firmicutes	c__Bacilli	o__Erysipelotrichales	f__Erysipelatoclostridiaceae	g__Catenibacterium	0.001136773410101147	74.24749163879599	Genus							p__Firmicutes	0.001136773410101147
d__Bacteria;p__Firmicutes;c__Bacilli;o__Erysipelotrichales;f__Erysipelatoclostridiaceae;g__Erysipelatoclostridium	p__Firmicutes	c__Bacilli	o__Erysipelotrichales	f__Erysipelatoclostridiaceae	g__Erysipelatoclostridium	0.0016747322969335645	86.20079610791684	Genus							p__Firmicutes	0.0016747322969335645
d__Bacteria;p__Firmicutes_A;c__Clostridia;o__Oscillospirales;f__Acutalibacteraceae;g__UMGS403	p__Firmicutes_A	c__Clostridia	o__Oscillospirales	f__Acutalibacteraceae	g__UMGS403	0.001129277608524989	96.28554846198492	Genus							p__Firmicutes_A	0.001129277608524989
d__Bacteria;p__Firmicutes_A;c__Clostridia;o__Lachnospirales;f__Lachnospiraceae;g__Bariatricus	p__Firmicutes_A	c__Clostridia	o__Lachnospirales	f__Lachnospiraceae	g__Bariatricus	0.0031737744419600895	91.11012826183105	Genus							p__Firmicutes_A	0.0031737744419600895
d__Bacteria;p__Fusobacteriota;c__Fusobacteriia;o__Fusobacteriales;f__Fusobacteriaceae;g__Fusobacterium_A	p__Fusobacteriota	c__Fusobacteriia	o__Fusobacteriales	f__Fusobacteriaceae	g__Fusobacterium_A	0.0015040504289973993	63.99823087129589	Genus							p__Fusobacteriota	0.0015040504289973993
Unclassified						0.001828876692162062	48.28101644245142	Genus								0.001828876692162062
d__Bacteria;p__Bacteroidota;c__Bacteroidia;o__Bacteroidales;f__Bacteroidaceae;g__Phocaeicola	p__Bacteroidota	c__Bacteroidia	o__Bacteroidales	f__Bacteroidaceae	g__Phocaeicola	0.11128234480856758	98.9827509951349	Genus							p__Bacteroidota	0.11128234480856758
d__Bacteria;p__Firmicutes_C;c__Negativicutes;o__Veillonellales;f__Dialisteraceae;g__Dialister	p__Firmicutes_C	c__Negativicutes	o__Veillonellales	f__Dialisteraceae	g__Dialister	0.004727199544156596	85.4933110367893	Genus							p__Firmicutes_C	0.004727199544156596
d__Bacteria;p__Actinobacteriota;c__Coriobacteriia;o__Coriobacteriales;f__Eggerthellaceae;g__Eggerthella	p__Actinobacteriota	c__Coriobacteriia	o__Coriobacteriales	f__Eggerthellaceae	g__Eggerthella	0.0011767156498885979	77.96822742474916	Genus							p__Actinobacteriota	0.0011767156498885979
d__Bacteria;p__Firmicutes_A;c__Clostridia;o__Oscillospirales;f__Ruminococcaceae;g__Neobittarella	p__Firmicutes_A	c__Clostridia	o__Oscillospirales	f__Ruminococcaceae	g__Neobittarella	0.0015490580414255872	73.10924369747899	Genus							p__Firmicutes_A	0.0015490580414255872
d__Bacteria;p__Proteobacteria;c__Gammaproteobacteria;o__Burkholderiales;f__Burkholderiaceae;g__Sutterella	p__Proteobacteria	c__Gammaproteobacteria	o__Burkholderiales	f__Burkholderiaceae	g__Sutterella	0.0038287886361426174	80.30936454849498	Genus							p__Proteobacteria	0.0038287886361426174
d__Bacteria;p__Firmicutes_A;c__Clostridia;o__Lachnospirales;f__Lachnospiraceae;g__Clostridium_Q	p__Firmicutes_A	c__Clostridia	o__Lachnospirales	f__Lachnospiraceae	g__Clostridium_Q	0.002847785786067584	90.84475895621406	Genus							p__Firmicutes_A	0.002847785786067584
HMDB0000008								Metabolite	2-Hydroxybutyric acid	Alpha hydroxy acids and derivatives	Hydroxy acids and derivatives	Organic acids and derivatives	FALSE	FALSE	Hydroxy acids and derivatives	0.002
HMDB0000014								Metabolite	Deoxycytidine	Pyrimidine 2'-deoxyribonucleosides	Pyrimidine nucleosides	Nucleosides, nucleotides, and analogues	TRUE	FALSE	Pyrimidine nucleosides	0.002
HMDB0000017								Metabolite	4-Pyridoxic acid	Pyridinecarboxylic acids and derivatives	Pyridines and derivatives	Organoheterocyclic compounds	FALSE	FALSE	Pyridines and derivatives	0.002
HMDB0000020								Metabolite	p-Hydroxyphenylacetic acid	1-hydroxy-2-unsubstituted benzenoids	Phenols	Benzenoids	TRUE	TRUE	Phenols	0.002
HMDB0000022								Metabolite	3-Methoxytyramine	Methoxyphenols	Phenols	Benzenoids	FALSE	FALSE	Phenols	0.002
HMDB0000026								Metabolite	Ureidopropionic acid	Ureas	Organic carbonic acids and derivatives	Organic acids and derivatives	TRUE	FALSE	Organic carbonic acids and derivatives	0.002
HMDB0000030								Metabolite	Biotin		Biotin and derivatives	Organoheterocyclic compounds	TRUE	FALSE	Biotin and derivatives	0.002
HMDB0000033								Metabolite	Carnosine	Hybrid peptides	Peptidomimetics	Organic acids and derivatives	TRUE	FALSE	Peptidomimetics	0.002
HMDB0000034								Metabolite	Adenine	Purines and purine derivatives	Imidazopyrimidines	Organoheterocyclic compounds	TRUE	FALSE	Imidazopyrimidines	0.002
HMDB0000036								Metabolite	Taurocholic acid	Bile acids, alcohols and derivatives	Steroids and steroid derivatives	Lipids and lipid-like molecules	TRUE	FALSE	Steroids and steroid derivatives	0.002
HMDB0000039								Metabolite	Butyric acid	Fatty acids and conjugates	Fatty Acyls	Lipids and lipid-like molecules	TRUE	TRUE	Fatty Acyls	0.002
HMDB0000042								Metabolite	Acetic acid	Carboxylic acids	Carboxylic acids and derivatives	Organic acids and derivatives	TRUE	TRUE	Carboxylic acids and derivatives	0.002
HMDB0000043								Metabolite	Betaine	Amino acids, peptides, and analogues	Carboxylic acids and derivatives	Organic acids and derivatives	TRUE	FALSE	Carboxylic acids and derivatives	0.002
HMDB0000050								Metabolite	Adenosine		Purine nucleosides	Nucleosides, nucleotides, and analogues	TRUE	FALSE	Purine nucleosides	0.002
HMDB0000054								Metabolite	Bilirubin	Bilirubins	Tetrapyrroles and derivatives	Organoheterocyclic compounds	TRUE	FALSE	Tetrapyrroles and derivatives	0.002
HMDB0000056								Metabolite	beta-Alanine	Amino acids, peptides, and analogues	Carboxylic acids and derivatives	Organic acids and derivatives	TRUE	FALSE	Carboxylic acids and derivatives	0.002
HMDB0000062								Metabolite	L-Carnitine	Quaternary ammonium salts	Organonitrogen compounds	Organic nitrogen compounds	TRUE	FALSE	Organonitrogen compounds	0.002
HMDB0000064								Metabolite	Creatine	Amino acids, peptides, and analogues	Carboxylic acids and derivatives	Organic acids and derivatives	TRUE	FALSE	Carboxylic acids and derivatives	0.002
HMDB0000067								Metabolite	Cholesterol	Cholestane steroids	Steroids and steroid derivatives	Lipids and lipid-like molecules	TRUE	FALSE	Steroids and steroid derivatives	0.002
HMDB0000070								Metabolite	Pipecolic acid	Amino acids, peptides, and analogues	Carboxylic acids and derivatives	Organic acids and derivatives	TRUE	TRUE	Carboxylic acids and derivatives	0.002
HMDB0000086								Metabolite	Glycerophosphocholine	Glycerophosphocholines	Glycerophospholipids	Lipids and lipid-like molecules	TRUE	FALSE	Glycerophospholipids	0.002
HMDB0000089								Metabolite	Cytidine		Pyrimidine nucleosides	Nucleosides, nucleotides, and analogues	TRUE	FALSE	Pyrimidine nucleosides	0.002
HMDB0000097								Metabolite	Choline	Quaternary ammonium salts	Organonitrogen compounds	Organic nitrogen compounds	TRUE	FALSE	Organonitrogen compounds	0.002
HMDB0000098								Metabolite	D-Xylose	Carbohydrates and carbohydrate conjugates	Organooxygen compounds	Organic oxygen compounds	TRUE	FALSE	Organooxygen compounds	0.002
HMDB0000122								Metabolite	D-Glucose	Carbohydrates and carbohydrate conjugates	Organooxygen compounds	Organic oxygen compounds	TRUE	FALSE	Organooxygen compounds	0.002
HMDB0000123								Metabolite	Glycine	Amino acids, peptides, and analogues	Carboxylic acids and derivatives	Organic acids and derivatives	TRUE	FALSE	Carboxylic acids and derivatives	0.002
HMDB0000127								Metabolite	D-Glucuronic acid	Carbohydrates and carbohydrate conjugates	Organooxygen compounds	Organic oxygen compounds	TRUE	FALSE	Organooxygen compounds	0.002
HMDB0000128								Metabolite	Guanidoacetic acid	Amino acids, peptides, and analogues	Carboxylic acids and derivatives	Organic acids and derivatives	FALSE	FALSE	Carboxylic acids and derivatives	0.002
HMDB0000131								Metabolite	Glycerol	Carbohydrates and carbohydrate conjugates	Organooxygen compounds	Organic oxygen compounds	TRUE	FALSE	Organooxygen compounds	0.002
HMDB0000132								Metabolite	Guanine	Purines and purine derivatives	Imidazopyrimidines	Organoheterocyclic compounds	TRUE	FALSE	Imidazopyrimidines	0.002
HMDB0000133								Metabolite	Guanosine		Purine nucleosides	Nucleosides, nucleotides, and analogues	TRUE	FALSE	Purine nucleosides	0.002
HMDB0000134								Metabolite	Fumaric acid	Dicarboxylic acids and derivatives	Carboxylic acids and derivatives	Organic acids and derivatives	TRUE	FALSE	Carboxylic acids and derivatives	0.002
HMDB0000138								Metabolite	Glycocholic acid	Bile acids, alcohols and derivatives	Steroids and steroid derivatives	Lipids and lipid-like molecules	TRUE	TRUE	Steroids and steroid derivatives	0.002
HMDB0000139								Metabolite	Glyceric acid	Carbohydrates and carbohydrate conjugates	Organooxygen compounds	Organic oxygen compounds	TRUE	FALSE	Organooxygen compounds	0.002
HMDB0000148								Metabolite	L-Glutamic acid	Amino acids, peptides, and analogues	Carboxylic acids and derivatives	Organic acids and derivatives	TRUE	FALSE	Carboxylic acids and derivatives	0.002
HMDB0000152								Metabolite	Gentisic acid	Benzoic acids and derivatives	Benzene and substituted derivatives	Benzenoids	TRUE	FALSE	Benzene and substituted derivatives	0.002
HMDB0000158								Metabolite	L-Tyrosine	Amino acids, peptides, and analogues	Carboxylic acids and derivatives	Organic acids and derivatives	TRUE	FALSE	Carboxylic acids and derivatives	0.002
HMDB0000159								Metabolite	L-Phenylalanine	Amino acids, peptides, and analogues	Carboxylic acids and derivatives	Organic acids and derivatives	TRUE	FALSE	Carboxylic acids and derivatives	0.002
HMDB0000161								Metabolite	L-Alanine	Amino acids, peptides, and analogues	Carboxylic acids and derivatives	Organic acids and derivatives	TRUE	FALSE	Carboxylic acids and derivatives	0.002
HMDB0000162								Metabolite	L-Proline	Amino acids, peptides, and analogues	Carboxylic acids and derivatives	Organic acids and derivatives	TRUE	FALSE	Carboxylic acids and derivatives	0.002
HMDB0000167								Metabolite	L-Threonine	Amino acids, peptides, and analogues	Carboxylic acids and derivatives	Organic acids and derivatives	TRUE	FALSE	Carboxylic acids and derivatives	0.002
HMDB0000168								Metabolite	L-Asparagine	Amino acids, peptides, and analogues	Carboxylic acids and derivatives	Organic acids and derivatives	TRUE	FALSE	Carboxylic acids and derivatives	0.002
HMDB0000172								Metabolite	L-Isoleucine	Amino acids, peptides, and analogues	Carboxylic acids and derivatives	Organic acids and derivatives	TRUE	FALSE	Carboxylic acids and derivatives	0.002
HMDB0000177								Metabolite	L-Histidine	Amino acids, peptides, and analogues	Carboxylic acids and derivatives	Organic acids and derivatives	TRUE	FALSE	Carboxylic acids and derivatives	0.002
HMDB0000182								Metabolite	L-Lysine	Amino acids, peptides, and analogues	Carboxylic acids and derivatives	Organic acids and derivatives	TRUE	FALSE	Carboxylic acids and derivatives	0.002
HMDB0000187								Metabolite	L-Serine	Amino acids, peptides, and analogues	Carboxylic acids and derivatives	Organic acids and derivatives	TRUE	FALSE	Carboxylic acids and derivatives	0.002
HMDB0000190								Metabolite	L-Lactic acid	Alpha hydroxy acids and derivatives	Hydroxy acids and derivatives	Organic acids and derivatives	TRUE	TRUE	Hydroxy acids and derivatives	0.002
HMDB0000191								Metabolite	L-Aspartic acid	Amino acids, peptides, and analogues	Carboxylic acids and derivatives	Organic acids and derivatives	TRUE	FALSE	Carboxylic acids and derivatives	0.002
HMDB0000192								Metabolite	L-Cystine	Amino acids, peptides, and analogues	Carboxylic acids and derivatives	Organic acids and derivatives	TRUE	FALSE	Carboxylic acids and derivatives	0.002
HMDB0000194								Metabolite	Anserine	Hybrid peptides	Peptidomimetics	Organic acids and derivatives	FALSE	FALSE	Peptidomimetics	0.002
HMDB0000195								Metabolite	Inosine		Purine nucleosides	Nucleosides, nucleotides, and analogues	TRUE	FALSE	Purine nucleosides	0.002
HMDB0000197								Metabolite	Indoleacetic acid	Indolyl carboxylic acids and derivatives	Indoles and derivatives	Organoheterocyclic compounds	TRUE	TRUE	Indoles and derivatives	0.002
HMDB0000201								Metabolite	L-Acetylcarnitine	Fatty acid esters	Fatty Acyls	Lipids and lipid-like molecules	TRUE	FALSE	Fatty Acyls	0.002
HMDB0000206								Metabolite	N6-Acetyl-L-lysine	Amino acids, peptides, and analogues	Carboxylic acids and derivatives	Organic acids and derivatives	TRUE	FALSE	Carboxylic acids and derivatives	0.002
HMDB0000207								Metabolite	Oleic acid	Fatty acids and conjugates	Fatty Acyls	Lipids and lipid-like molecules	TRUE	FALSE	Fatty Acyls	0.002
HMDB0000209								Metabolite	Phenylacetic acid		Benzene and substituted derivatives	Benzenoids	TRUE	TRUE	Benzene and substituted derivatives	0.002
HMDB0000210								Metabolite	Pantothenic acid	Alcohols and polyols	Organooxygen compounds	Organic oxygen compounds	TRUE	FALSE	Organooxygen compounds	0.002
HMDB0000214								Metabolite	Ornithine	Amino acids, peptides, and analogues	Carboxylic acids and derivatives	Organic acids and derivatives	TRUE	FALSE	Carboxylic acids and derivatives	0.002
HMDB0000216								Metabolite	Norepinephrine	Benzenediols	Phenols	Benzenoids	TRUE	TRUE	Phenols	0.002
HMDB0000232								Metabolite	Quinolinic acid	Pyridinecarboxylic acids and derivatives	Pyridines and derivatives	Organoheterocyclic compounds	TRUE	FALSE	Pyridines and derivatives	0.002
HMDB0000237								Metabolite	Propionic acid	Carboxylic acids	Carboxylic acids and derivatives	Organic acids and derivatives	TRUE	TRUE	Carboxylic acids and derivatives	0.002
HMDB0000244								Metabolite	Riboflavin	Alloxazines and isoalloxazines	Pteridines and derivatives	Organoheterocyclic compounds	TRUE	FALSE	Pteridines and derivatives	0.002
HMDB0000251								Metabolite	Taurine	Organosulfonic acids and derivatives	Organic sulfonic acids and derivatives	Organic acids and derivatives	TRUE	FALSE	Organic sulfonic acids and derivatives	0.002
HMDB0000252								Metabolite	Sphingosine	Amines	Organonitrogen compounds	Organic nitrogen compounds	TRUE	FALSE	Organonitrogen compounds	0.002
HMDB0000254								Metabolite	Succinic acid	Dicarboxylic acids and derivatives	Carboxylic acids and derivatives	Organic acids and derivatives	TRUE	TRUE	Carboxylic acids and derivatives	0.002
HMDB0000259								Metabolite	Serotonin	Tryptamines and derivatives	Indoles and derivatives	Organoheterocyclic compounds	TRUE	TRUE	Indoles and derivatives	0.002
HMDB0000262								Metabolite	Thymine	Pyrimidines and pyrimidine derivatives	Diazines	Organoheterocyclic compounds	TRUE	FALSE	Diazines	0.002
HMDB0000269								Metabolite	Sphinganine	Amines	Organonitrogen compounds	Organic nitrogen compounds	TRUE	FALSE	Organonitrogen compounds	0.002
HMDB0000271								Metabolite	Sarcosine	Amino acids, peptides, and analogues	Carboxylic acids and derivatives	Organic acids and derivatives	FALSE	FALSE	Carboxylic acids and derivatives	0.002
HMDB0000289								Metabolite	Uric acid	Purines and purine derivatives	Imidazopyrimidines	Organoheterocyclic compounds	TRUE	FALSE	Imidazopyrimidines	0.002
HMDB0000296								Metabolite	Uridine		Pyrimidine nucleosides	Nucleosides, nucleotides, and analogues	TRUE	FALSE	Pyrimidine nucleosides	0.002
HMDB0000300								Metabolite	Uracil	Pyrimidines and pyrimidine derivatives	Diazines	Organoheterocyclic compounds	TRUE	FALSE	Diazines	0.002
HMDB0000303								Metabolite	Tryptamine	Tryptamines and derivatives	Indoles and derivatives	Organoheterocyclic compounds			Indoles and derivatives	0.002
HMDB0000306								Metabolite	Tyramine	Phenethylamines	Benzene and substituted derivatives	Benzenoids	TRUE	TRUE	Benzene and substituted derivatives	0.002
HMDB0000355								Metabolite	3-Hydroxymethylglutaric acid	Fatty acids and conjugates	Fatty Acyls	Lipids and lipid-like molecules	TRUE	FALSE	Fatty Acyls	0.002
HMDB0000357								Metabolite			Hydroxy acids and derivatives	Organic acids and derivatives			Hydroxy acids and derivatives	0.002
HMDB0000391								Metabolite	7-Ketodeoxycholic acid	Bile acids, alcohols and derivatives	Steroids and steroid derivatives	Lipids and lipid-like molecules	TRUE	FALSE	Steroids and steroid derivatives	0.002
HMDB0000402								Metabolite	2-Isopropylmalic acid	Fatty acids and conjugates	Fatty Acyls	Lipids and lipid-like molecules	TRUE	TRUE	Fatty Acyls	0.002
HMDB0000448								Metabolite	Adipic acid	Fatty acids and conjugates	Fatty Acyls	Lipids and lipid-like molecules	TRUE	TRUE	Fatty Acyls	0.002
HMDB0000450								Metabolite	5-Hydroxylysine	Amino acids, peptides, and analogues	Carboxylic acids and derivatives	Organic acids and derivatives	TRUE	FALSE	Carboxylic acids and derivatives	0.002
HMDB0000452								Metabolite	L-alpha-Aminobutyric acid	Amino acids, peptides, and analogues	Carboxylic acids and derivatives	Organic acids and derivatives	TRUE	FALSE	Carboxylic acids and derivatives	0.002
HMDB0000472								Metabolite	5-Hydroxy-L-tryptophan	Tryptamines and derivatives	Indoles and derivatives	Organoheterocyclic compounds	TRUE	FALSE	Indoles and derivatives	0.002
HMDB0000479								Metabolite	3-Methylhistidine	Amino acids, peptides, and analogues	Carboxylic acids and derivatives	Organic acids and derivatives	FALSE	FALSE	Carboxylic acids and derivatives	0.002
HMDB0000506								Metabolite	alpha-Muricholic acid	Bile acids, alcohols and derivatives	Steroids and steroid derivatives	Lipids and lipid-like molecules	TRUE	FALSE	Steroids and steroid derivatives	0.002
HMDB0000511								Metabolite	Capric acid	Fatty acids and conjugates	Fatty Acyls	Lipids and lipid-like molecules	TRUE	FALSE	Fatty Acyls	0.002
HMDB0000517								Metabolite	L-Arginine	Amino acids, peptides, and analogues	Carboxylic acids and derivatives	Organic acids and derivatives	TRUE	FALSE	Carboxylic acids and derivatives	0.002
HMDB0000518								Metabolite	Chenodeoxycholic acid	Bile acids, alcohols and derivatives	Steroids and steroid derivatives	Lipids and lipid-like molecules	TRUE	FALSE	Steroids and steroid derivatives	0.002
HMDB0000535								Metabolite	Caproic acid	Fatty acids and conjugates	Fatty Acyls	Lipids and lipid-like molecules	TRUE	FALSE	Fatty Acyls	0.002
HMDB0000555								Metabolite	3-Methyladipic acid	Fatty acids and conjugates	Fatty Acyls	Lipids and lipid-like molecules	TRUE	FALSE	Fatty Acyls	0.002
HMDB0000562								Metabolite	Creatinine	Amino acids, peptides, and analogues	Carboxylic acids and derivatives	Organic acids and derivatives	TRUE	FALSE	Carboxylic acids and derivatives	0.002
HMDB0000619								Metabolite	Cholic acid	Bile acids, alcohols and derivatives	Steroids and steroid derivatives	Lipids and lipid-like molecules	TRUE	FALSE	Steroids and steroid derivatives	0.002
HMDB0000623								Metabolite	Dodecanedioic acid	Fatty acids and conjugates	Fatty Acyls	Lipids and lipid-like molecules	TRUE	FALSE	Fatty Acyls	0.002
HMDB0000625								Metabolite	Gluconic acid	Carbohydrates and carbohydrate conjugates	Organooxygen compounds	Organic oxygen compounds	FALSE	FALSE	Organooxygen compounds	0.002
HMDB0000626								Metabolite	Deoxycholic acid	Bile acids, alcohols and derivatives	Steroids and steroid derivatives	Lipids and lipid-like molecules	TRUE	FALSE	Steroids and steroid derivatives	0.002
HMDB0000630								Metabolite	Cytosine	Pyrimidines and pyrimidine derivatives	Diazines	Organoheterocyclic compounds	TRUE	FALSE	Diazines	0.002
HMDB0000641								Metabolite	L-Glutamine	Amino acids, peptides, and analogues	Carboxylic acids and derivatives	Organic acids and derivatives	TRUE	FALSE	Carboxylic acids and derivatives	0.002
HMDB0000666								Metabolite	Heptanoic acid	Fatty acids and conjugates	Fatty Acyls	Lipids and lipid-like molecules	TRUE	FALSE	Fatty Acyls	0.002
HMDB0000679								Metabolite	Homocitrulline	Amino acids, peptides, and analogues	Carboxylic acids and derivatives	Organic acids and derivatives	FALSE	FALSE	Carboxylic acids and derivatives	0.002
HMDB0000687								Metabolite	L-Leucine	Amino acids, peptides, and analogues	Carboxylic acids and derivatives	Organic acids and derivatives	TRUE	FALSE	Carboxylic acids and derivatives	0.002
HMDB0000695								Metabolite	Ketoleucine	Short-chain keto acids and derivatives	Keto acids and derivatives	Organic acids and derivatives	TRUE	FALSE	Keto acids and derivatives	0.002
HMDB0000696								Metabolite	L-Methionine	Amino acids, peptides, and analogues	Carboxylic acids and derivatives	Organic acids and derivatives	TRUE	FALSE	Carboxylic acids and derivatives	0.002
HMDB0000699								Metabolite	1-Methylnicotinamide	Pyridinecarboxylic acids and derivatives	Pyridines and derivatives	Organoheterocyclic compounds	FALSE	FALSE	Pyridines and derivatives	0.002
HMDB0000714								Metabolite	Hippuric acid	Benzoic acids and derivatives	Benzene and substituted derivatives	Benzenoids	TRUE	TRUE	Benzene and substituted derivatives	0.002
HMDB0000715								Metabolite	Kynurenic acid	Quinoline carboxylic acids	Quinolines and derivatives	Organoheterocyclic compounds	FALSE	FALSE	Quinolines and derivatives	0.002
HMDB0000717								Metabolite	Isolithocholic acid	Bile acids, alcohols and derivatives	Steroids and steroid derivatives	Lipids and lipid-like molecules	TRUE	FALSE	Steroids and steroid derivatives	0.002
HMDB0000718								Metabolite	Isovaleric acid	Fatty acids and conjugates	Fatty Acyls	Lipids and lipid-like molecules	TRUE	FALSE	Fatty Acyls	0.002
HMDB0000722								Metabolite	Lithocholyltaurine	Bile acids, alcohols and derivatives	Steroids and steroid derivatives	Lipids and lipid-like molecules	TRUE	FALSE	Steroids and steroid derivatives	0.002
HMDB0000763								Metabolite	5-Hydroxyindoleacetic acid	Indolyl carboxylic acids and derivatives	Indoles and derivatives	Organoheterocyclic compounds	TRUE	TRUE	Indoles and derivatives	0.002
HMDB0000764								Metabolite	Hydrocinnamic acid		Phenylpropanoic acids	Phenylpropanoids and polyketides	TRUE	TRUE	Phenylpropanoic acids	0.002
HMDB0000766								Metabolite	N-Acetyl-L-alanine	Amino acids, peptides, and analogues	Carboxylic acids and derivatives	Organic acids and derivatives	FALSE	FALSE	Carboxylic acids and derivatives	0.002
HMDB0000779								Metabolite	Phenyllactic acid		Phenylpropanoic acids	Phenylpropanoids and polyketides	FALSE	TRUE	Phenylpropanoic acids	0.002
HMDB0000784								Metabolite	Azelaic acid	Fatty acids and conjugates	Fatty Acyls	Lipids and lipid-like molecules	TRUE	FALSE	Fatty Acyls	0.002
HMDB0000792								Metabolite	Sebacic acid	Fatty acids and conjugates	Fatty Acyls	Lipids and lipid-like molecules	TRUE	FALSE	Fatty Acyls	0.002
HMDB0000806								Metabolite	Myristic acid	Fatty acids and conjugates	Fatty Acyls	Lipids and lipid-like molecules	TRUE	FALSE	Fatty Acyls	0.002
HMDB0000812								Metabolite	N-Acetyl-L-aspartic acid	Amino acids, peptides, and analogues	Carboxylic acids and derivatives	Organic acids and derivatives	FALSE	FALSE	Carboxylic acids and derivatives	0.002
HMDB0000826								Metabolite	Pentadecanoic acid	Fatty acids and conjugates	Fatty Acyls	Lipids and lipid-like molecules	TRUE	FALSE	Fatty Acyls	0.002
HMDB0000827								Metabolite	Stearic acid	Fatty acids and conjugates	Fatty Acyls	Lipids and lipid-like molecules	TRUE	FALSE	Fatty Acyls	0.002
HMDB0000840								Metabolite	Salicyluric acid	Benzoic acids and derivatives	Benzene and substituted derivatives	Benzenoids	TRUE	TRUE	Benzene and substituted derivatives	0.002
HMDB0000857								Metabolite	Pimelic acid	Fatty acids and conjugates	Fatty Acyls	Lipids and lipid-like molecules	TRUE	FALSE	Fatty Acyls	0.002
HMDB0000870								Metabolite	Histamine	Amines	Organonitrogen compounds	Organic nitrogen compounds	TRUE	TRUE	Organonitrogen compounds	0.002
HMDB0000875								Metabolite	Trigonelline			Alkaloids and derivatives	TRUE	FALSE		0.002
HMDB0000881								Metabolite	Xanthurenic acid	Quinoline carboxylic acids	Quinolines and derivatives	Organoheterocyclic compounds	FALSE	FALSE	Quinolines and derivatives	0.002
HMDB0000883								Metabolite	L-Valine	Amino acids, peptides, and analogues	Carboxylic acids and derivatives	Organic acids and derivatives	TRUE	FALSE	Carboxylic acids and derivatives	0.002
HMDB0000888								Metabolite	Undecanedioic acid	Fatty acids and conjugates	Fatty Acyls	Lipids and lipid-like molecules	TRUE	FALSE	Fatty Acyls	0.002
HMDB0000892								Metabolite	Valeric acid	Fatty acids and conjugates	Fatty Acyls	Lipids and lipid-like molecules	TRUE	FALSE	Fatty Acyls	0.002
HMDB0000893								Metabolite	Suberic acid	Fatty acids and conjugates	Fatty Acyls	Lipids and lipid-like molecules	TRUE	FALSE	Fatty Acyls	0.002
HMDB0000895								Metabolite	Acetylcholine	Quaternary ammonium salts	Organonitrogen compounds	Organic nitrogen compounds	TRUE	TRUE	Organonitrogen compounds	0.002
HMDB0000897								Metabolite	7-Methylguanine	Purines and purine derivatives	Imidazopyrimidines	Organoheterocyclic compounds	FALSE	FALSE	Imidazopyrimidines	0.002
HMDB0000898								Metabolite	1-Methylhistamine	Amines	Organonitrogen compounds	Organic nitrogen compounds	FALSE	FALSE	Organonitrogen compounds	0.002
HMDB0000925								Metabolite	Trimethylamine N-oxide	Aminoxides	Organonitrogen compounds	Organic nitrogen compounds	FALSE	TRUE	Organonitrogen compounds	0.002
HMDB0000929								Metabolite	L-Tryptophan	Indolyl carboxylic acids and derivatives	Indoles and derivatives	Organoheterocyclic compounds	TRUE	FALSE	Indoles and derivatives	0.002
HMDB0000943								Metabolite	Threonic acid	Carbohydrates and carbohydrate conjugates	Organooxygen compounds	Organic oxygen compounds	FALSE	TRUE	Organooxygen compounds	0.002
HMDB0000951								Metabolite	Taurochenodesoxycholic acid	Bile acids, alcohols and derivatives	Steroids and steroid derivatives	Lipids and lipid-like molecules	TRUE	TRUE	Steroids and steroid derivatives	0.002
HMDB0000956								Metabolite	Tartaric acid	Carbohydrates and carbohydrate conjugates	Organooxygen compounds	Organic oxygen compounds	TRUE	TRUE	Organooxygen compounds	0.002
HMDB0001015								Metabolite	N-Formyl-L-methionine	Amino acids, peptides, and analogues	Carboxylic acids and derivatives	Organic acids and derivatives	FALSE	TRUE	Carboxylic acids and derivatives	0.002
HMDB0001065								Metabolite	2-Hydroxyphenethylamine	Amines	Organonitrogen compounds	Organic nitrogen compounds	FALSE	FALSE	Organonitrogen compounds	0.002
HMDB0001104								Metabolite	N-Acetyl-b-glucosaminylamine	Carbohydrates and carbohydrate conjugates	Organooxygen compounds	Organic oxygen compounds	FALSE	FALSE	Organooxygen compounds	0.002
HMDB0001123								Metabolite	2-Aminobenzoic acid	Benzoic acids and derivatives	Benzene and substituted derivatives	Benzenoids	TRUE	FALSE	Benzene and substituted derivatives	0.002
HMDB0001138								Metabolite	N-Acetyl-L-glutamic acid	Amino acids, peptides, and analogues	Carboxylic acids and derivatives	Organic acids and derivatives	FALSE	FALSE	Carboxylic acids and derivatives	0.002
HMDB0001161								Metabolite	4-Trimethylammoniobutanoic acid	Fatty acids and conjugates	Fatty Acyls	Lipids and lipid-like molecules	TRUE	FALSE	Fatty Acyls	0.002
HMDB0001185								Metabolite	S-Adenosylmethionine	5'-deoxy-5'-thionucleosides	5'-deoxyribonucleosides	Nucleosides, nucleotides, and analogues	FALSE	FALSE	5'-deoxyribonucleosides	0.002
HMDB0001186								Metabolite	N1-Acetylspermine	Carboxylic acid derivatives	Carboxylic acids and derivatives	Organic acids and derivatives	TRUE	FALSE	Carboxylic acids and derivatives	0.002
HMDB0001257								Metabolite	Spermidine	Amines	Organonitrogen compounds	Organic nitrogen compounds	TRUE	FALSE	Organonitrogen compounds	0.002
HMDB0001276								Metabolite	N1-Acetylspermidine	Carboximidic acids	Carboximidic acids and derivatives	Organic acids and derivatives	TRUE	FALSE	Carboximidic acids and derivatives	0.002
HMDB0001325								Metabolite	N6,N6,N6-Trimethyl-L-lysine	Amino acids, peptides, and analogues	Carboxylic acids and derivatives	Organic acids and derivatives	FALSE	FALSE	Carboxylic acids and derivatives	0.002
HMDB0001389								Metabolite	Melatonin	Indoles	Indoles and derivatives	Organoheterocyclic compounds	TRUE	TRUE	Indoles and derivatives	0.002
HMDB0001414								Metabolite	Putrescine	Amines	Organonitrogen compounds	Organic nitrogen compounds	TRUE	TRUE	Organonitrogen compounds	0.002
HMDB0001431								Metabolite	Pyridoxamine	Pyridoxamines	Pyridines and derivatives	Organoheterocyclic compounds	TRUE	FALSE	Pyridines and derivatives	0.002
HMDB0001432								Metabolite	Agmatine	Guanidines	Organonitrogen compounds	Organic nitrogen compounds	TRUE	FALSE	Organonitrogen compounds	0.002
HMDB0001522								Metabolite	Methylguanidine	Guanidines	Organonitrogen compounds	Organic nitrogen compounds	TRUE	FALSE	Organonitrogen compounds	0.002
HMDB0001539								Metabolite	Asymmetric dimethylarginine	Amino acids, peptides, and analogues	Carboxylic acids and derivatives	Organic acids and derivatives	TRUE	FALSE	Carboxylic acids and derivatives	0.002
HMDB0001565								Metabolite	Phosphorylcholine	Quaternary ammonium salts	Organonitrogen compounds	Organic nitrogen compounds	TRUE	FALSE	Organonitrogen compounds	0.002
HMDB0001858								Metabolite	p-Cresol	Cresols	Phenols	Benzenoids	TRUE	TRUE	Phenols	0.002
HMDB0001895								Metabolite	Salicylic acid	Benzoic acids and derivatives	Benzene and substituted derivatives	Benzenoids	TRUE	TRUE	Benzene and substituted derivatives	0.002
HMDB0001921								Metabolite	1,1-Dimethylbiguanide	Guanidines	Organonitrogen compounds	Organic nitrogen compounds	FALSE	FALSE	Organonitrogen compounds	0.002
HMDB0001924								Metabolite	Atenolol	Phenylacetamides	Benzene and substituted derivatives	Benzenoids	FALSE	FALSE	Benzene and substituted derivatives	0.002
HMDB0001976								Metabolite	Docosapentaenoic acid (22n-6)	Fatty acids and conjugates	Fatty Acyls	Lipids and lipid-like molecules	TRUE	FALSE	Fatty Acyls	0.002
HMDB0002005								Metabolite	Methionine sulfoxide	Amino acids, peptides, and analogues	Carboxylic acids and derivatives	Organic acids and derivatives	TRUE	FALSE	Carboxylic acids and derivatives	0.002
HMDB0002064								Metabolite	N-Acetylputrescine	Carboximidic acids	Carboximidic acids and derivatives	Organic acids and derivatives	FALSE	TRUE	Carboximidic acids and derivatives	0.002
HMDB0002088								Metabolite	Oleoylethanolamide	Amines	Organonitrogen compounds	Organic nitrogen compounds	TRUE	FALSE	Organonitrogen compounds	0.002
HMDB0002100								Metabolite	Palmitoylethanolamide	Carboximidic acids	Carboximidic acids and derivatives	Organic acids and derivatives	TRUE	FALSE	Carboximidic acids and derivatives	0.002
HMDB0002123								Metabolite	1,3,7-Trimethyluric acid	Purines and purine derivatives	Imidazopyrimidines	Organoheterocyclic compounds	TRUE	FALSE	Imidazopyrimidines	0.002
HMDB0002172								Metabolite	N1,N12-Diacetylspermine	Carboximidic acids	Carboximidic acids and derivatives	Organic acids and derivatives	FALSE	FALSE	Carboximidic acids and derivatives	0.002
HMDB0002183								Metabolite	Docosahexaenoic acid	Fatty acids and conjugates	Fatty Acyls	Lipids and lipid-like molecules	TRUE	FALSE	Fatty Acyls	0.002
HMDB0002199								Metabolite	Desaminotyrosine		Phenylpropanoic acids	Phenylpropanoids and polyketides	TRUE	TRUE	Phenylpropanoic acids	0.002
HMDB0002226								Metabolite	Adrenic acid	Fatty acids and conjugates	Fatty Acyls	Lipids and lipid-like molecules	TRUE	FALSE	Fatty Acyls	0.002
HMDB0002271								Metabolite	Imidazolepropionic acid	Imidazoles	Azoles	Organoheterocyclic compounds	FALSE	FALSE	Azoles	0.002
HMDB0002302								Metabolite	Indole-3-propionic acid	Indolyl carboxylic acids and derivatives	Indoles and derivatives	Organoheterocyclic compounds	TRUE	TRUE	Indoles and derivatives	0.002
HMDB0002322								Metabolite	Cadaverine	Amines	Organonitrogen compounds	Organic nitrogen compounds	TRUE	TRUE	Organonitrogen compounds	0.002
HMDB0002329								Metabolite	Oxalic acid	Dicarboxylic acids and derivatives	Carboxylic acids and derivatives	Organic acids and derivatives	TRUE	TRUE	Carboxylic acids and derivatives	0.002
HMDB0002925								Metabolite	Dihomo-gamma-linolenic acid	Fatty acids and conjugates	Fatty Acyls	Lipids and lipid-like molecules	TRUE	FALSE	Fatty Acyls	0.002
HMDB0003070								Metabolite	Shikimic acid	Alcohols and polyols	Organooxygen compounds	Organic oxygen compounds	TRUE	TRUE	Organooxygen compounds	0.002
HMDB0003072								Metabolite	Quinic acid	Alcohols and polyols	Organooxygen compounds	Organic oxygen compounds	TRUE	FALSE	Organooxygen compounds	0.002
HMDB0003334								Metabolite	Symmetric dimethylarginine	Amino acids, peptides, and analogues	Carboxylic acids and derivatives	Organic acids and derivatives	TRUE	FALSE	Carboxylic acids and derivatives	0.002
HMDB0003357								Metabolite	N2-Acetylornithine	Amino acids, peptides, and analogues	Carboxylic acids and derivatives	Organic acids and derivatives	TRUE	FALSE	Carboxylic acids and derivatives	0.002
HMDB0003431								Metabolite	L-Histidinol	Amines	Organonitrogen compounds	Organic nitrogen compounds	TRUE	FALSE	Organonitrogen compounds	0.002
HMDB0003459								Metabolite	D-Alanyl-D-alanine	Amino acids, peptides, and analogues	Carboxylic acids and derivatives	Organic acids and derivatives	TRUE	TRUE	Carboxylic acids and derivatives	0.002
HMDB0003911								Metabolite	3-Aminoisobutanoic acid	Amino acids, peptides, and analogues	Carboxylic acids and derivatives	Organic acids and derivatives	FALSE	FALSE	Carboxylic acids and derivatives	0.002
HMDB0004610								Metabolite	Phytosphingosine	Amines	Organonitrogen compounds	Organic nitrogen compounds	TRUE	FALSE	Organonitrogen compounds	0.002
HMDB0004620								Metabolite	N-a-Acetyl-L-arginine	Amino acids, peptides, and analogues	Carboxylic acids and derivatives	Organic acids and derivatives	TRUE	FALSE	Carboxylic acids and derivatives	0.002
HMDB0004704								Metabolite	9,10-DHOME	Fatty acids and conjugates	Fatty Acyls	Lipids and lipid-like molecules	TRUE	FALSE	Fatty Acyls	0.002
HMDB0004705								Metabolite	12,13-DHOME	Fatty acids and conjugates	Fatty Acyls	Lipids and lipid-like molecules	TRUE	FALSE	Fatty Acyls	0.002
HMDB0004827								Metabolite	Proline betaine	Amino acids, peptides, and analogues	Carboxylic acids and derivatives	Organic acids and derivatives	TRUE	FALSE	Carboxylic acids and derivatives	0.002
HMDB0011745								Metabolite	N-Acetyl-L-methionine	Amino acids, peptides, and analogues	Carboxylic acids and derivatives	Organic acids and derivatives	FALSE	FALSE	Carboxylic acids and derivatives	0.002
HMDB0011756								Metabolite	N-Acetylleucine	Amino acids, peptides, and analogues	Carboxylic acids and derivatives	Organic acids and derivatives	FALSE	FALSE	Carboxylic acids and derivatives	0.002
HMDB0011757								Metabolite	N-Acetylvaline	Amino acids, peptides, and analogues	Carboxylic acids and derivatives	Organic acids and derivatives	FALSE	FALSE	Carboxylic acids and derivatives	0.002
HMDB0012252								Metabolite	Linoleoyl ethanolamide	Amines	Organonitrogen compounds	Organic nitrogen compounds	TRUE	FALSE	Organonitrogen compounds	0.002
HMDB0012275								Metabolite	Phenylethylamine	Phenethylamines	Benzene and substituted derivatives	Benzenoids	TRUE	TRUE	Benzene and substituted derivatives	0.002
HMDB0013253								Metabolite	N-Acetylhistamine	Carboxylic acid derivatives	Carboxylic acids and derivatives	Organic acids and derivatives	TRUE	FALSE	Carboxylic acids and derivatives	0.002
HMDB0028818								Metabolite	Glutamylglutamic acid	Amino acids, peptides, and analogues	Carboxylic acids and derivatives	Organic acids and derivatives	FALSE	FALSE	Carboxylic acids and derivatives	0.002
HMDB0029377								Metabolite	Piperine			Alkaloids and derivatives	TRUE	FALSE		0.002
HMDB0031057								Metabolite	2-Hydroxyhexadecanoic acid	Fatty acids and conjugates	Fatty Acyls	Lipids and lipid-like molecules	TRUE	FALSE	Fatty Acyls	0.002
HMDB0031404								Metabolite	Cyclohexylamine	Cyclohexylamines	Organonitrogen compounds	Organic nitrogen compounds	TRUE	FALSE	Organonitrogen compounds	0.002
HMDB0035196								Metabolite	Harman		Harmala alkaloids	Alkaloids and derivatives	TRUE	FALSE	Harmala alkaloids	0.002
METPA0236								Metabolite								0.002
