Compound	Compound.Name	High.Confidence.Annotation	HMDB	KEGG
HILIC_POS_1-methyladenosine	1-methyladenosine	TRUE	HMDB0003331	C02494
HILIC_POS_1-methylguanosine/2-O-methylguanosine	1-methylguanosine/2-O-methylguanosine	FALSE	NA	NA
HILIC_POS_1-methylhistamine	1-methylhistamine	TRUE	HMDB0000898	C05127
HILIC_POS_1-methylnicotinamide	1-methylnicotinamide	TRUE	HMDB0000699	C02918
HILIC_POS_1_2_4-trimethylbenzene	1,2,4-trimethylbenzene	TRUE	HMDB0013733	C14533
REV_NEG_10-heptadecenoate	10-heptadecenoate	TRUE	NA	NA
REV_NEG_10-nonadecenoate	10-nonadecenoate	TRUE	NA	NA
REV_NEG_12_13-diHOME	12,13-diHOME	TRUE	HMDB0004705	C14829
REV_NEG_13-docosenoate	13-docosenoate	TRUE	HMDB0002068	C08316
REV_NEG_13-HODE	13-HODE	TRUE	HMDB0061708	C14762
REV_NEG_16:0 PC(O)	16:0 PC(O)	TRUE	NA	NA
REV_NEG_17-Methylstearate	17-Methylstearate	TRUE	HMDB0061710	NA
HILIC_NEG_2-aminoadipate	2-aminoadipate	TRUE	HMDB0000510	C00956
HILIC_POS_2-deoxyadenosine	2-deoxyadenosine	TRUE	HMDB0000101	C00559
HILIC_POS_2-deoxycytidine	2-deoxycytidine	TRUE	HMDB0000014	C00881
HILIC_NEG_2-furoylglycine	2-furoylglycine	TRUE	HMDB0000439	NA
HILIC_NEG_2-hydroxyglutarate	2-hydroxyglutarate	TRUE	HMDB0059655	C02630
REV_NEG_2-hydroxyhexadecanoate	2-hydroxyhexadecanoate	TRUE	HMDB0031057	NA
REV_NEG_2-hydroxyibuprofen	2-hydroxyibuprofen	TRUE	HMDB0060920	NA
REV_NEG_2-hydroxyoctanoate	2-hydroxyoctanoate	TRUE	HMDB0000711	NA
HILIC_POS_2^-O-methyladenosine/3^-O-methyladenosine	2^-O-methyladenosine/3^-O-methyladenosine	FALSE	NA	NA
HILIC_NEG_3-4-dihydroxybenzylamine	3-4-dihydroxybenzylamine	TRUE	HMDB0012153	NA
HILIC_NEG_3-4-dihydroxyphenylglycol	3-4-dihydroxyphenylglycol	TRUE	HMDB0000318	C05576
HILIC_POS_3-dehydroxycarnitine	3-dehydroxycarnitine	TRUE	HMDB0006831	C05543
HILIC_POS_3-hydroxyanthranilic acid	3-hydroxyanthranilic acid	TRUE	HMDB0001476	C00632
REV_NEG_3-hydroxydecanoate	3-hydroxydecanoate	TRUE	HMDB0002203	NA
HILIC_NEG_3-hydroxykynurenate	3-hydroxykynurenate	TRUE	HMDB0000732	C02794
HILIC_POS_3-methoxytyramine	3-methoxytyramine	TRUE	HMDB0000022	C05587
HILIC_NEG_3-methyladipate/pimelate	3-methyladipate/pimelate	FALSE	NA	NA
HILIC_POS_3-methylhistidine	3-methylhistidine	TRUE	HMDB0000479	C01152
HILIC_POS_4-guanidinobutanoic acid	4-guanidinobutanoic acid	TRUE	HMDB0003464	C01035
HILIC_NEG_4-hydroxybenzaldehyde	4-hydroxybenzaldehyde	TRUE	HMDB0011718	C00633
HILIC_NEG_4-hydroxybenzeneacetonitrile	4-hydroxybenzeneacetonitrile	TRUE	HMDB0029757	C03766
REV_NEG_4-hydroxystyrene	4-hydroxystyrene	TRUE	HMDB0004072	C05627
HILIC_NEG_4-pyridoxate	4-pyridoxate	TRUE	HMDB0000017	C00847
HILIC_POS_5-aminolevulinic acid	5-aminolevulinic acid	TRUE	HMDB0001149	C00430
HILIC_POS_5-HIAA	5-HIAA	TRUE	HMDB0000763	C05635
HILIC_POS_5-hydroxytryptophan	5-hydroxytryptophan	TRUE	HMDB0000472	C00643
HILIC_POS_5-methylcytidine	5-methylcytidine	TRUE	HMDB0000982	NA
HILIC_POS_5-methylcytosine	5-methylcytosine	TRUE	HMDB0002894	C02376
REV_NEG_5_6 diHETE	5,6 diHETE	TRUE	NA	NA
HILIC_POS_6_8-dihydroxypurine	6,8-dihydroxypurine	TRUE	HMDB0001182	NA
REV_POS_7-Dehydrodesmosterol	7-Dehydrodesmosterol	TRUE	HMDB0003896	C05107
REV_NEG_9_10-diHOME	9,10-diHOME	TRUE	HMDB0004704	C14828
HILIC_POS_acetaminophen	acetaminophen	TRUE	HMDB0001859	C06804
HILIC_POS_acetylcholine	acetylcholine	TRUE	HMDB0000895	C01996
REV_NEG_acetytyrosine	acetytyrosine	TRUE	HMDB0000866	C01657
HILIC_NEG_adenine	adenine	TRUE	HMDB0000034	C00147
HILIC_POS_adenosine	adenosine	TRUE	HMDB0000050	C00212
HILIC_NEG_adipate	adipate	TRUE	HMDB0000448	C06104
HILIC_POS_ADMA	ADMA	TRUE	HMDB0001539	C03626
REV_NEG_adrenate	adrenate	TRUE	HMDB0002226	C16527
HILIC_POS_adrenochrome	adrenochrome	TRUE	HMDB0012884	NA
HILIC_NEG_alanine	alanine	FALSE	HMDB0000161	C00041
HILIC_POS_alanine	alanine	FALSE	HMDB0000161	C00041
HILIC_POS_alanyalanine	alanyalanine	TRUE	HMDB0028680	NA
REV_NEG_alpha-CEHC	alpha-CEHC	TRUE	HMDB0001518	NA
HILIC_NEG_alpha-glycerophosphate	alpha-glycerophosphate	TRUE	HMDB0000126	C00093
HILIC_POS_alpha-glycerophosphocholine	alpha-glycerophosphocholine	TRUE	NA	NA
HILIC_NEG_alpha-hydroxybutyrate/beta-hydroxybutyrate	alpha-hydroxybutyrate/beta-hydroxybutyrate	FALSE	NA	NA
HILIC_NEG_alpha-ketoglutarate	alpha-ketoglutarate	TRUE	HMDB0000208	C00026
REV_NEG_alpha-linolenate	alpha-linolenate	TRUE	HMDB0001388	C06427
REV_NEG_alpha-muricholate	alpha-muricholate	TRUE	HMDB0000506	C17647
HILIC_POS_anserine	anserine	TRUE	HMDB0000194	C01262
HILIC_POS_anthranilic acid	anthranilic acid	TRUE	HMDB0001123	C00108
REV_NEG_arachidate	arachidate	TRUE	HMDB0002212	C06425
REV_NEG_arachidonate	arachidonate	TRUE	HMDB0060102	C00219
HILIC_NEG_arginine	arginine	FALSE	HMDB0000517	C00062
HILIC_POS_arginine	arginine	FALSE	HMDB0000517	C00062
HILIC_NEG_ascorbate	ascorbate	TRUE	HMDB0000044	C00072
HILIC_POS_asparagine	asparagine	TRUE	HMDB0000168	C00152
HILIC_POS_aspartate	aspartate	FALSE	HMDB0000191	C00049
HILIC_NEG_aspartate	aspartate	FALSE	HMDB0000191	C00049
HILIC_POS_atenolol	atenolol	TRUE	HMDB0001924	C13235
HILIC_NEG_azelaic acid	azelaic acid	FALSE	HMDB0000784	C08261
REV_NEG_azelate	azelate	FALSE	HMDB0000784	C08261
HILIC_NEG_benzoate	benzoate	TRUE	HMDB0013677	C00180
HILIC_POS_beta-alanine	beta-alanine	TRUE	HMDB0000056	C00099
HILIC_POS_beta-guanidinopropionic acid	beta-guanidinopropionic acid	TRUE	HMDB0013222	C03065
HILIC_POS_betaine	betaine	TRUE	HMDB0000043	C00719
HILIC_POS_bilirubin	bilirubin	TRUE	HMDB0000054	C00486
HILIC_NEG_butyrate	butyrate	TRUE	HMDB0000039	C00246
HILIC_POS_C10:2 carnitine	C10:2 carnitine	TRUE	NA	NA
HILIC_POS_C14 carnitine	C14 carnitine	TRUE	NA	NA
REV_POS_C14:1 MAG +NH4	C14:1 MAG +NH4	TRUE	NA	NA
HILIC_POS_C16 carnitine	C16 carnitine	TRUE	NA	NA
REV_POS_C16:0 CE	C16:0 CE	TRUE	NA	NA
REV_POS_C16:0 CE +NH4	C16:0 CE +NH4	TRUE	NA	NA
REV_POS_C16:0 Ceramide (d18:1)	C16:0 Ceramide (d18:1)	TRUE	NA	NA
REV_POS_C16:0 LPC	C16:0 LPC	TRUE	NA	NA
REV_POS_C16:0 LPE	C16:0 LPE	TRUE	NA	NA
REV_POS_C16:0 SM	C16:0 SM	TRUE	NA	NA
HILIC_POS_C16:0 SM	C16:0 SM	TRUE	NA	NA
REV_POS_C16:1 CE	C16:1 CE	TRUE	NA	NA
REV_POS_C16:1 MAG	C16:1 MAG	TRUE	NA	NA
HILIC_POS_C18 carnitine	C18 carnitine	TRUE	NA	NA
REV_POS_C18:0 CE	C18:0 CE	TRUE	NA	NA
REV_POS_C18:0 LPC	C18:0 LPC	TRUE	NA	NA
HILIC_POS_C18:0 LPC	C18:0 LPC	TRUE	NA	NA
REV_POS_C18:0 LPE	C18:0 LPE	TRUE	NA	NA
REV_POS_C18:0 MAG	C18:0 MAG	TRUE	NA	NA
REV_POS_C18:0 MAG +NH4	C18:0 MAG +NH4	TRUE	NA	NA
REV_POS_C18:0 SM	C18:0 SM	TRUE	NA	NA
HILIC_POS_C18:1-OH carnitine	C18:1-OH carnitine	TRUE	NA	NA
HILIC_POS_C18:1 carnitine	C18:1 carnitine	TRUE	NA	NA
REV_POS_C18:1 CE	C18:1 CE	TRUE	NA	NA
REV_POS_C18:1 CE +NH4	C18:1 CE +NH4	TRUE	NA	NA
REV_POS_C18:1 LPC	C18:1 LPC	TRUE	NA	NA
REV_POS_C18:1 LPE	C18:1 LPE	TRUE	NA	NA
HILIC_POS_C18:2 carnitine	C18:2 carnitine	TRUE	NA	NA
REV_POS_C18:2 CE	C18:2 CE	TRUE	NA	NA
REV_POS_C18:2 CE +NH4	C18:2 CE +NH4	TRUE	NA	NA
REV_POS_C18:2 LPC	C18:2 LPC	TRUE	NA	NA
REV_POS_C18:3 CE	C18:3 CE	TRUE	NA	NA
REV_POS_C18:3 CE +NH4	C18:3 CE +NH4	TRUE	NA	NA
HILIC_POS_C2 carnitine	C2 carnitine	TRUE	NA	NA
HILIC_POS_C20 carnitine	C20 carnitine	TRUE	NA	NA
REV_POS_C20:0 LPE	C20:0 LPE	TRUE	NA	NA
REV_POS_C20:3 CE	C20:3 CE	TRUE	NA	NA
REV_POS_C20:3 CE +NH4	C20:3 CE +NH4	TRUE	NA	NA
REV_POS_C20:3 LPC	C20:3 LPC	TRUE	NA	NA
HILIC_POS_C20:4 carnitine	C20:4 carnitine	TRUE	NA	NA
REV_POS_C20:4 CE	C20:4 CE	TRUE	NA	NA
REV_POS_C20:4 CE +NH4	C20:4 CE +NH4	TRUE	NA	NA
REV_POS_C20:5 CE	C20:5 CE	TRUE	NA	NA
REV_POS_C22:0 Ceramide (d18:1)	C22:0 Ceramide (d18:1)	TRUE	NA	NA
REV_POS_C22:0 SM	C22:0 SM	TRUE	NA	NA
REV_POS_C22:4 CE	C22:4 CE	TRUE	NA	NA
REV_POS_C22:5 CE	C22:5 CE	TRUE	NA	NA
REV_POS_C22:6 CE	C22:6 CE	TRUE	NA	NA
REV_POS_C22:6 CE +NH4	C22:6 CE +NH4	TRUE	NA	NA
REV_POS_C24:0 Ceramide (d18:1)	C24:0 Ceramide (d18:1)	TRUE	NA	NA
REV_POS_C24:0 PC	C24:0 PC	TRUE	NA	NA
REV_POS_C24:1 Ceramide (d18:1)	C24:1 Ceramide (d18:1)	TRUE	NA	NA
REV_POS_C24:1 SM	C24:1 SM	TRUE	NA	NA
HILIC_POS_C26 carnitine	C26 carnitine	TRUE	NA	NA
HILIC_POS_C3-DC-CH3 carnitine	C3-DC-CH3 carnitine	TRUE	NA	NA
HILIC_POS_C3 carnitine	C3 carnitine	TRUE	NA	NA
REV_POS_C30:0 DAG	C30:0 DAG	TRUE	NA	NA
REV_POS_C30:0 DAG +NH4	C30:0 DAG +NH4	TRUE	NA	NA
REV_POS_C32:0 DAG	C32:0 DAG	TRUE	NA	NA
REV_POS_C32:0 PC	C32:0 PC	TRUE	NA	NA
REV_POS_C32:0 PE	C32:0 PE	TRUE	NA	NA
REV_POS_C32:1 DAG	C32:1 DAG	TRUE	NA	NA
REV_POS_C32:1 DAG +NH4	C32:1 DAG +NH4	TRUE	NA	NA
REV_POS_C32:1 PE	C32:1 PE	TRUE	NA	NA
REV_POS_C32:2 DAG	C32:2 DAG	TRUE	NA	NA
REV_POS_C34:0 DAG	C34:0 DAG	TRUE	NA	NA
REV_POS_C34:0 DAG +NH4	C34:0 DAG +NH4	TRUE	NA	NA
REV_POS_C34:0 PE	C34:0 PE	TRUE	NA	NA
REV_POS_C34:1 DAG	C34:1 DAG	TRUE	NA	NA
REV_POS_C34:1 DAG +NH4	C34:1 DAG +NH4	TRUE	NA	NA
REV_POS_C34:1 PC	C34:1 PC	TRUE	NA	NA
REV_POS_C34:2 DAG	C34:2 DAG	TRUE	NA	NA
REV_POS_C34:2 DAG +NH4	C34:2 DAG +NH4	TRUE	NA	NA
REV_POS_C34:2 PC	C34:2 PC	TRUE	NA	NA
REV_POS_C34:2 PE	C34:2 PE	TRUE	NA	NA
REV_POS_C34:3 DAG	C34:3 DAG	TRUE	NA	NA
REV_POS_C34:3 DAG +NH4	C34:3 DAG +NH4	TRUE	NA	NA
REV_POS_C36:0 DAG	C36:0 DAG	TRUE	NA	NA
REV_POS_C36:0 DAG +NH4	C36:0 DAG +NH4	TRUE	NA	NA
REV_POS_C36:1 DAG	C36:1 DAG	TRUE	NA	NA
REV_POS_C36:1 DAG +NH4	C36:1 DAG +NH4	TRUE	NA	NA
REV_POS_C36:1 PC	C36:1 PC	TRUE	NA	NA
REV_POS_C36:2 DAG	C36:2 DAG	TRUE	NA	NA
REV_POS_C36:2 DAG +NH4	C36:2 DAG +NH4	TRUE	NA	NA
REV_POS_C36:2 PC	C36:2 PC	TRUE	NA	NA
REV_POS_C36:2 PE	C36:2 PE	TRUE	NA	NA
REV_POS_C36:3 DAG	C36:3 DAG	TRUE	NA	NA
REV_POS_C36:3 DAG +NH4	C36:3 DAG +NH4	TRUE	NA	NA
REV_POS_C36:3 PC	C36:3 PC	TRUE	NA	NA
REV_POS_C36:4 DAG	C36:4 DAG	TRUE	NA	NA
REV_POS_C36:4 DAG +NH4	C36:4 DAG +NH4	TRUE	NA	NA
REV_POS_C36:4 PC-A	C36:4 PC-A	TRUE	NA	NA
REV_POS_C36:4 PC-B	C36:4 PC-B	TRUE	NA	NA
REV_POS_C38:4 DAG	C38:4 DAG	TRUE	NA	NA
HILIC_POS_C4-OH carnitine	C4-OH carnitine	TRUE	NA	NA
HILIC_POS_C4 carnitine	C4 carnitine	TRUE	NA	NA
REV_POS_C42:0 TAG	C42:0 TAG	TRUE	NA	NA
REV_POS_C42:0 TAG +NH4	C42:0 TAG +NH4	TRUE	NA	NA
REV_POS_C44:0 TAG	C44:0 TAG	TRUE	NA	NA
REV_POS_C44:0 TAG +NH4	C44:0 TAG +NH4	TRUE	NA	NA
REV_POS_C44:1 TAG	C44:1 TAG	TRUE	NA	NA
REV_POS_C44:2 TAG	C44:2 TAG	TRUE	NA	NA
REV_POS_C46:0 TAG	C46:0 TAG	TRUE	NA	NA
REV_POS_C46:0 TAG +NH4	C46:0 TAG +NH4	TRUE	NA	NA
REV_POS_C46:1 TAG	C46:1 TAG	TRUE	NA	NA
REV_POS_C46:1 TAG +NH4	C46:1 TAG +NH4	TRUE	NA	NA
REV_POS_C47:0 TAG	C47:0 TAG	TRUE	NA	NA
REV_POS_C48:0 TAG	C48:0 TAG	TRUE	NA	NA
REV_POS_C48:0 TAG +NH4	C48:0 TAG +NH4	TRUE	NA	NA
REV_POS_C48:1 TAG	C48:1 TAG	TRUE	NA	NA
REV_POS_C48:1 TAG +NH4	C48:1 TAG +NH4	TRUE	NA	NA
REV_POS_C48:2 TAG	C48:2 TAG	TRUE	NA	NA
REV_POS_C48:2 TAG +NH4	C48:2 TAG +NH4	TRUE	NA	NA
REV_POS_C48:3 TAG	C48:3 TAG	TRUE	NA	NA
REV_POS_C48:3 TAG +NH4	C48:3 TAG +NH4	TRUE	NA	NA
HILIC_POS_C5-DC carnitine	C5-DC carnitine	TRUE	NA	NA
HILIC_POS_C5 carnitine	C5 carnitine	TRUE	NA	NA
HILIC_POS_C5:1 carnitine	C5:1 carnitine	TRUE	NA	NA
REV_POS_C50:0 TAG	C50:0 TAG	TRUE	NA	NA
REV_POS_C50:0 TAG +NH4	C50:0 TAG +NH4	TRUE	NA	NA
REV_POS_C50:1 TAG	C50:1 TAG	TRUE	NA	NA
REV_POS_C50:2 TAG	C50:2 TAG	TRUE	NA	NA
REV_POS_C50:2 TAG +NH4	C50:2 TAG +NH4	TRUE	NA	NA
REV_POS_C50:3 TAG	C50:3 TAG	TRUE	NA	NA
REV_POS_C50:3 TAG +NH4	C50:3 TAG +NH4	TRUE	NA	NA
REV_POS_C50:4 TAG	C50:4 TAG	TRUE	NA	NA
REV_POS_C50:4 TAG +NH4	C50:4 TAG +NH4	TRUE	NA	NA
REV_POS_C51:2 TAG	C51:2 TAG	TRUE	NA	NA
REV_POS_C51:2 TAG +NH4	C51:2 TAG +NH4	TRUE	NA	NA
REV_POS_C51:3 TAG	C51:3 TAG	TRUE	NA	NA
REV_POS_C51:3 TAG +NH4	C51:3 TAG +NH4	TRUE	NA	NA
REV_POS_C52:0 TAG	C52:0 TAG	TRUE	NA	NA
REV_POS_C52:0 TAG +NH4	C52:0 TAG +NH4	TRUE	NA	NA
REV_POS_C52:1 TAG	C52:1 TAG	TRUE	NA	NA
REV_POS_C52:2 TAG	C52:2 TAG	TRUE	NA	NA
REV_POS_C52:2 TAG +NH4	C52:2 TAG +NH4	TRUE	NA	NA
REV_POS_C52:3 TAG	C52:3 TAG	TRUE	NA	NA
REV_POS_C52:3 TAG +NH4	C52:3 TAG +NH4	TRUE	NA	NA
REV_POS_C52:4 TAG	C52:4 TAG	TRUE	NA	NA
REV_POS_C52:4 TAG +NH4	C52:4 TAG +NH4	TRUE	NA	NA
REV_POS_C52:5 TAG	C52:5 TAG	TRUE	NA	NA
REV_POS_C52:5 TAG +NH4	C52:5 TAG +NH4	TRUE	NA	NA
REV_POS_C52:6 TAG	C52:6 TAG	TRUE	NA	NA
REV_POS_C52:6 TAG +NH4	C52:6 TAG +NH4	TRUE	NA	NA
REV_POS_C53:2 TAG	C53:2 TAG	TRUE	NA	NA
REV_POS_C53:2 TAG +NH4	C53:2 TAG +NH4	TRUE	NA	NA
REV_POS_C53:3 TAG	C53:3 TAG	TRUE	NA	NA
REV_POS_C53:3 TAG +NH4	C53:3 TAG +NH4	TRUE	NA	NA
REV_POS_C54:1 TAG	C54:1 TAG	TRUE	NA	NA
REV_POS_C54:2 TAG	C54:2 TAG	TRUE	NA	NA
REV_POS_C54:2 TAG +NH4	C54:2 TAG +NH4	TRUE	NA	NA
REV_POS_C54:3 TAG	C54:3 TAG	TRUE	NA	NA
REV_POS_C54:3 TAG +NH4	C54:3 TAG +NH4	TRUE	NA	NA
REV_POS_C54:4 TAG	C54:4 TAG	TRUE	NA	NA
REV_POS_C54:4 TAG +NH4	C54:4 TAG +NH4	TRUE	NA	NA
REV_POS_C54:5 TAG	C54:5 TAG	TRUE	NA	NA
REV_POS_C54:5 TAG +NH4	C54:5 TAG +NH4	TRUE	NA	NA
REV_POS_C54:6 TAG	C54:6 TAG	TRUE	NA	NA
REV_POS_C54:7 TAG	C54:7 TAG	TRUE	NA	NA
REV_POS_C54:7 TAG +NH4	C54:7 TAG +NH4	TRUE	NA	NA
REV_POS_C54:8 TAG	C54:8 TAG	TRUE	NA	NA
REV_POS_C55:3 TAG	C55:3 TAG	TRUE	NA	NA
REV_POS_C56:1 TAG	C56:1 TAG	TRUE	NA	NA
REV_POS_C56:2 TAG	C56:2 TAG	TRUE	NA	NA
REV_POS_C56:3 TAG	C56:3 TAG	TRUE	NA	NA
REV_POS_C56:4 TAG	C56:4 TAG	TRUE	NA	NA
REV_POS_C56:4 TAG +NH4	C56:4 TAG +NH4	TRUE	NA	NA
REV_POS_C56:5 TAG	C56:5 TAG	TRUE	NA	NA
REV_POS_C56:5 TAG +NH4	C56:5 TAG +NH4	TRUE	NA	NA
REV_POS_C56:6 TAG	C56:6 TAG	TRUE	NA	NA
REV_POS_C56:6 TAG +NH4	C56:6 TAG +NH4	TRUE	NA	NA
HILIC_POS_C6 carnitine	C6 carnitine	TRUE	NA	NA
HILIC_POS_C9 carnitine	C9 carnitine	TRUE	NA	NA
HILIC_POS_cadaverine	cadaverine	TRUE	HMDB0002322	C01672
REV_NEG_caprate	caprate	TRUE	HMDB0000511	C01571
HILIC_NEG_caproate	caproate	FALSE	HMDB0000535	C01585
REV_NEG_caproate	caproate	FALSE	HMDB0000535	C01585
HILIC_NEG_caprylate	caprylate	TRUE	HMDB0000482	C06423
REV_NEG_carboxyibuprofen	carboxyibuprofen	TRUE	HMDB0060564	NA
HILIC_POS_carnitine	carnitine	TRUE	HMDB0000062	C00318
HILIC_POS_carnosine	carnosine	TRUE	HMDB0000033	C00386
REV_NEG_carnosol	carnosol	TRUE	HMDB0002121	C09069
HILIC_POS_cellobiose	cellobiose	TRUE	HMDB0000055	C06422
HILIC_POS_cerulenin	cerulenin	TRUE	HMDB0015168	C12058
REV_NEG_chenodeoxycholate	chenodeoxycholate	TRUE	HMDB0000518	C02528
HILIC_NEG_chenodeoxycholate/deoxycholate	chenodeoxycholate/deoxycholate	FALSE	NA	NA
REV_NEG_cholate	cholate	TRUE	HMDB0000619	C00695
HILIC_POS_choline	choline	TRUE	HMDB0000097	C00114
HILIC_NEG_citrate/isocitrate	citrate/isocitrate	FALSE	NA	NA
HILIC_POS_citrulline	citrulline	FALSE	HMDB0000904	C00327
HILIC_NEG_citrulline	citrulline	FALSE	HMDB0000904	C00327
HILIC_POS_cortexolone/2_1-deoxycortisol	cortexolone/2,1-deoxycortisol	FALSE	NA	NA
HILIC_NEG_corticosterone	corticosterone	TRUE	HMDB0001547	C02140
HILIC_POS_cortisol	cortisol	TRUE	HMDB0000063	C00735
HILIC_POS_cortisone	cortisone	TRUE	HMDB0002802	C00762
HILIC_POS_cotinine	cotinine	TRUE	HMDB0001046	NA
HILIC_POS_creatine	creatine	TRUE	HMDB0000064	C00300
HILIC_POS_creatinine	creatinine	TRUE	HMDB0000562	C00791
REV_NEG_crustecdysone	crustecdysone	TRUE	HMDB0030180	C02633
HILIC_POS_cyclohexylamine	cyclohexylamine	TRUE	HMDB0031404	C00571
HILIC_POS_cytidine	cytidine	FALSE	HMDB0000089	C00475
HILIC_NEG_cytidine	cytidine	FALSE	HMDB0000089	C00475
HILIC_POS_cytosine	cytosine	TRUE	HMDB0000630	C00380
HILIC_NEG_dCMP	dCMP	TRUE	HMDB0001202	C00239
REV_NEG_deoxycholate	deoxycholate	TRUE	HMDB0000626	C04483
HILIC_POS_dimethylglycine	dimethylglycine	TRUE	HMDB0000092	C01026
REV_NEG_dimethylurate	dimethylurate	TRUE	NA	NA
HILIC_POS_DMGV	DMGV	TRUE	HMDB0240212	NA
REV_NEG_docosahexaenoate	docosahexaenoate	TRUE	HMDB0002183	C06429
REV_NEG_docosapentaenoate	docosapentaenoate	TRUE	HMDB0001976	NA
REV_NEG_dodecanedioate	dodecanedioate	TRUE	HMDB0000623	C02678
REV_NEG_dodecanoate	dodecanoate	TRUE	HMDB0000638	C02679
HILIC_POS_DOPA	DOPA	TRUE	HMDB0000609	C00355
HILIC_POS_ectoine	ectoine	TRUE	METPA0797	C06231
REV_NEG_eicosadienoate	eicosadienoate	TRUE	HMDB0005060	C16525
REV_NEG_eicosanedioate	eicosanedioate	TRUE	NA	NA
REV_NEG_eicosapentaenoate	eicosapentaenoate	FALSE	HMDB0001999	C06428
HILIC_NEG_eicosapentaenoate	eicosapentaenoate	FALSE	HMDB0001999	C06428
REV_NEG_eicosatrienoate	eicosatrienoate	TRUE	HMDB0002925	C03242
REV_NEG_eicosenoate	eicosenoate	TRUE	HMDB0002231	C16526
HILIC_NEG_erythronate	erythronate	TRUE	HMDB0000613	NA
REV_NEG_formylmethionine	formylmethionine	TRUE	HMDB0001015	C03145
HILIC_NEG_fructose/glucose/galactose	fructose/glucose/galactose	FALSE	NA	NA
HILIC_NEG_fumarate/maleate	fumarate/maleate	FALSE	NA	NA
HILIC_POS_GABA/alpha-aminoisobutyric acid	GABA/alpha-aminoisobutyric acid	FALSE	NA	NA
REV_NEG_gamma-linolenate	gamma-linolenate	TRUE	HMDB0003073	C06426
HILIC_NEG_gentisate	gentisate	TRUE	HMDB0000152	C00628
HILIC_NEG_glucuronate	glucuronate	TRUE	HMDB0000127	C00191
HILIC_NEG_glutamate	glutamate	FALSE	HMDB0000148	C00025
HILIC_POS_glutamate	glutamate	FALSE	HMDB0000148	C00025
HILIC_POS_glutamine	glutamine	FALSE	HMDB0000641	C00064
HILIC_NEG_glutamine	glutamine	FALSE	HMDB0000641	C00064
HILIC_NEG_glycerate	glycerate	TRUE	HMDB0000139	C00258
HILIC_POS_glycerol	glycerol	TRUE	HMDB0000131	C00116
HILIC_POS_glycine	glycine	TRUE	HMDB0000123	C00037
REV_NEG_glycochenodeoxycholate	glycochenodeoxycholate	TRUE	HMDB0000637	C05466
REV_NEG_glycocholate	glycocholate	TRUE	HMDB0000138	C01921
HILIC_NEG_glycocholate-d4	glycocholate-d4	TRUE	NA	NA
REV_NEG_glycodeoxycholate	glycodeoxycholate	TRUE	HMDB0000631	C05464
HILIC_NEG_glycodeoxycholate/glycochenodeoxycholate	glycodeoxycholate/glycochenodeoxycholate	FALSE	NA	NA
REV_NEG_glycoursodeoxycholate	glycoursodeoxycholate	TRUE	HMDB0000708	NA
HILIC_POS_guanidoacetic acid	guanidoacetic acid	TRUE	HMDB0000128	C00581
HILIC_POS_guanine	guanine	FALSE	HMDB0000132	C00242
HILIC_NEG_guanine	guanine	FALSE	HMDB0000132	C00242
HILIC_POS_guanosine	guanosine	FALSE	HMDB0000133	C00387
HILIC_NEG_guanosine	guanosine	FALSE	HMDB0000133	C00387
REV_NEG_heptadecanoate	heptadecanoate	TRUE	HMDB0002259	NA
REV_NEG_heptanoate	heptanoate	TRUE	HMDB0000666	C17714
REV_NEG_hexadecanedioate	hexadecanedioate	TRUE	HMDB0000672	C19615
HILIC_NEG_hexose monophosphate	hexose monophosphate	TRUE	NA	NA
HILIC_POS_histamine	histamine	TRUE	HMDB0000870	C00388
HILIC_NEG_histidine	histidine	FALSE	HMDB0000177	C00135
HILIC_POS_histidine	histidine	FALSE	HMDB0000177	C00135
HILIC_POS_histidinol	histidinol	TRUE	HMDB0003431	C00860
HILIC_POS_homoserine	homoserine	TRUE	HMDB0000719	C00263
REV_NEG_hydrocinnamate	hydrocinnamate	FALSE	HMDB0000764	C05629
HILIC_NEG_hydrocinnamate	hydrocinnamate	FALSE	HMDB0000764	C05629
REV_NEG_hydroxymyristate	hydroxymyristate	TRUE	NA	NA
HILIC_POS_hydroxyproline	hydroxyproline	TRUE	HMDB0240251	C01015
REV_NEG_hyodeoxycholate/ursodeoxycholate	hyodeoxycholate/ursodeoxycholate	FALSE	NA	NA
HILIC_NEG_hypoxanthine	hypoxanthine	FALSE	HMDB0000157	C00262
HILIC_POS_hypoxanthine	hypoxanthine	FALSE	HMDB0000157	C00262
HILIC_POS_imidazoleacetic acid	imidazoleacetic acid	TRUE	HMDB0002024	C02835
HILIC_NEG_indole-3-propionate	indole-3-propionate	TRUE	HMDB0002302	NA
REV_NEG_indoleacetate	indoleacetate	TRUE	HMDB0000197	C00954
HILIC_NEG_indolelactate	indolelactate	TRUE	HMDB0000671	C02043
HILIC_NEG_inositol	inositol	TRUE	HMDB0000211	C00137
HILIC_POS_isoleucine	isoleucine	TRUE	HMDB0000172	C00407
HILIC_NEG_isovalerate	isovalerate	TRUE	HMDB0000718	C08262
REV_NEG_ketodeoxycholate	ketodeoxycholate	TRUE	NA	NA
HILIC_POS_kynurenic acid	kynurenic acid	TRUE	HMDB0000715	C01717
HILIC_NEG_lactate	lactate	TRUE	HMDB0000190	C00186
HILIC_NEG_lactose/sucrose/trehalose	lactose/sucrose/trehalose	FALSE	NA	NA
HILIC_POS_leucine	leucine	TRUE	HMDB0000687	C00123
REV_NEG_levulinate	levulinate	TRUE	HMDB0000720	NA
REV_NEG_linoleate	linoleate	TRUE	HMDB0000673	C01595
HILIC_NEG_linoleoyl ethanolamide	linoleoyl ethanolamide	FALSE	HMDB0012252	NA
REV_POS_linoleoylethanolamide	linoleoylethanolamide	FALSE	HMDB0012252	NA
HILIC_NEG_lithocholate	lithocholate	FALSE	HMDB0000717	C17658
REV_NEG_lithocholate	lithocholate	FALSE	HMDB0000717	C17658
HILIC_NEG_lysine	lysine	FALSE	HMDB0000182	C00047
HILIC_POS_lysine	lysine	FALSE	HMDB0000182	C00047
HILIC_POS_m-coumaric acid	m-coumaric acid	TRUE	HMDB0001713	C12621
HILIC_NEG_malate	malate	TRUE	HMDB0000156	C00149
HILIC_NEG_malonate	malonate	TRUE	HMDB0000691	C00383
REV_NEG_mandelate	mandelate	TRUE	HMDB0000703	C01984
REV_NEG_masilinate	masilinate	TRUE	HMDB0002392	C16939
HILIC_POS_metanephrine	metanephrine	TRUE	HMDB0004063	C05588
HILIC_NEG_methionine	methionine	FALSE	HMDB0000696	C00073
HILIC_POS_methionine	methionine	FALSE	HMDB0000696	C00073
HILIC_POS_methionine sulfoxide	methionine sulfoxide	TRUE	HMDB0002005	C02989
HILIC_POS_methylthioadenosine	methylthioadenosine	TRUE	HMDB0001173	C00170
HILIC_POS_mevalonic acid	mevalonic acid	TRUE	HMDB0000227	C00418
REV_NEG_myristate	myristate	TRUE	HMDB0000806	C06424
REV_NEG_myristoleate	myristoleate	TRUE	HMDB0002000	C08322
HILIC_POS_N-a-acetyarginine	N-a-acetyarginine	TRUE	HMDB0004620	NA
REV_NEG_N-acetylalanine	N-acetylalanine	TRUE	HMDB0000766	NA
HILIC_POS_N-acetylglutamine	N-acetylglutamine	TRUE	HMDB0006029	NA
HILIC_POS_N-acetylleucine	N-acetylleucine	TRUE	HMDB0011756	C02710
HILIC_POS_N-acetylornithine	N-acetylornithine	TRUE	HMDB0003357	C00437
HILIC_POS_N-acetylputrescine	N-acetylputrescine	TRUE	HMDB0002064	C02714
HILIC_POS_N-acetyltryptophan	N-acetyltryptophan	TRUE	HMDB0013713	NA
HILIC_POS_N-acetyphenylalanine	N-acetyphenylalanine	TRUE	HMDB0000512	C03519
HILIC_POS_N-carbamoyl-beta-alanine	N-carbamoyl-beta-alanine	TRUE	HMDB0000026	C02642
REV_POS_N-Oleoylethanolamine	N-Oleoylethanolamine	TRUE	HMDB0002088	NA
HILIC_POS_N1-acetylspermidine	N1-acetylspermidine	TRUE	HMDB0001276	C00612
HILIC_POS_N1-acetylspermine	N1-acetylspermine	TRUE	HMDB0001186	C02567
HILIC_NEG_N6-acetyllysine	N6-acetyllysine	FALSE	HMDB0000206	C02727
HILIC_POS_N6-acetyllysine	N6-acetyllysine	FALSE	HMDB0000206	C02727
HILIC_POS_niacinamide	niacinamide	TRUE	HMDB0001406	C00153
HILIC_POS_nicotinate	nicotinate	FALSE	HMDB0001488	C00253
HILIC_NEG_nicotinate	nicotinate	FALSE	HMDB0001488	C00253
HILIC_POS_NMMA	NMMA	TRUE	HMDB0029416	C03884
REV_NEG_nonadecanoate	nonadecanoate	TRUE	HMDB0000772	C16535
HILIC_POS_nor-psi-tropine	nor-psi-tropine	TRUE	HMDB0031667	NA
HILIC_NEG_norepinephrine	norepinephrine	TRUE	HMDB0000216	C00547
REV_NEG_oleanate	oleanate	TRUE	HMDB0002364	C17148
REV_NEG_oleate	oleate	TRUE	HMDB0000207	C00712
HILIC_POS_ornithine	ornithine	TRUE	HMDB0000214	C00077
HILIC_NEG_oxalate	oxalate	TRUE	HMDB0002329	C00209
REV_NEG_oxypurinol	oxypurinol	TRUE	HMDB0000786	C07599
REV_NEG_p-hydroxyphenylacetate	p-hydroxyphenylacetate	TRUE	HMDB0000020	C00642
REV_NEG_palmitate	palmitate	TRUE	HMDB0000220	C00249
REV_POS_palmithoylethanolamide	palmithoylethanolamide	FALSE	HMDB0002100	C16512
REV_NEG_palmitoleate	palmitoleate	TRUE	HMDB0003229	C08362
REV_NEG_palmitoylethanolamide	palmitoylethanolamide	FALSE	HMDB0002100	C16512
HILIC_NEG_pantothenate	pantothenate	TRUE	HMDB0000210	C00864
REV_NEG_pentadecanoate	pentadecanoate	TRUE	HMDB0000826	C16537
HILIC_NEG_pentose monophosphate	pentose monophosphate	TRUE	NA	NA
REV_NEG_PGE2-d4	PGE2-d4	TRUE	NA	NA
HILIC_NEG_phenylacetate	phenylacetate	TRUE	HMDB0000209	C07086
HILIC_POS_phenylalanine	phenylalanine	FALSE	HMDB0000159	C00079
HILIC_NEG_phenylalanine	phenylalanine	FALSE	HMDB0000159	C00079
HILIC_POS_phenylalanine-d8	phenylalanine-d8	TRUE	NA	NA
REV_NEG_phenyllactate	phenyllactate	TRUE	HMDB0000779	C01479
HILIC_POS_phosphocholine	phosphocholine	TRUE	HMDB0001565	C00588
REV_NEG_phytanate	phytanate	TRUE	HMDB0000801	C01607
HILIC_POS_phytosphingosine	phytosphingosine	TRUE	HMDB0004610	C12144
HILIC_POS_pipecolic acid	pipecolic acid	TRUE	HMDB0000070	C00408
REV_NEG_porphobilinogen	porphobilinogen	TRUE	HMDB0000245	C00931
REV_NEG_pregnenolone sulfate	pregnenolone sulfate	TRUE	HMDB0000774	NA
HILIC_NEG_proline	proline	FALSE	HMDB0000162	C00148
HILIC_POS_proline	proline	FALSE	HMDB0000162	C00148
HILIC_POS_proline betaine	proline betaine	TRUE	HMDB0004827	C10172
HILIC_NEG_propionate	propionate	TRUE	HMDB0000237	C00163
HILIC_POS_pseudouridine	pseudouridine	TRUE	HMDB0000767	C02067
HILIC_POS_pterin	pterin	TRUE	HMDB0000802	C00715
HILIC_POS_putrescine	putrescine	TRUE	HMDB0001414	C00134
HILIC_POS_pyridoxamine	pyridoxamine	TRUE	HMDB0001431	C00534
HILIC_POS_pyroglutamic acid	pyroglutamic acid	TRUE	HMDB0000267	C01879
HILIC_NEG_pyruvate	pyruvate	TRUE	HMDB0000243	C00022
HILIC_POS_quercetin	quercetin	TRUE	HMDB0005794	C00389
HILIC_NEG_quinate	quinate	TRUE	HMDB0003072	C00296
HILIC_NEG_quinolinate	quinolinate	TRUE	HMDB0000232	C03722
HILIC_NEG_riboflavin	riboflavin	TRUE	HMDB0000244	C00255
HILIC_POS_s-adenosylmethionine	s-adenosylmethionine	TRUE	HMDB0001185	C00019
REV_NEG_saccharin	saccharin	TRUE	HMDB0029723	C12283
REV_NEG_salicylate	salicylate	TRUE	HMDB0000840	C07588
HILIC_POS_sarcosine	sarcosine	TRUE	HMDB0000271	C00213
HILIC_POS_SDMA	SDMA	TRUE	HMDB0003334	NA
HILIC_NEG_sebacate	sebacate	FALSE	HMDB0000792	C08277
REV_NEG_sebacate	sebacate	FALSE	HMDB0000792	C08277
HILIC_POS_serine	serine	TRUE	HMDB0062263	C00716
HILIC_POS_serotonin	serotonin	TRUE	HMDB0000259	C00780
HILIC_NEG_sorbitol	sorbitol	TRUE	HMDB0000247	C00794
HILIC_POS_spermidine	spermidine	TRUE	HMDB0001257	C00315
HILIC_POS_sphinganine	sphinganine	TRUE	HMDB0000269	C00836
REV_POS_sphingosine	sphingosine	TRUE	HMDB0000252	C00319
REV_NEG_stearate	stearate	TRUE	HMDB0000827	C01530
HILIC_NEG_suberate	suberate	TRUE	HMDB0000893	C08278
HILIC_NEG_succinate	succinate	TRUE	HMDB0000254	C00042
HILIC_POS_taurine	taurine	FALSE	HMDB0000251	C00245
HILIC_NEG_taurine	taurine	FALSE	HMDB0000251	C00245
REV_NEG_taurochenodeoxycholate	taurochenodeoxycholate	TRUE	HMDB0000951	C05465
REV_NEG_taurocholate	taurocholate	TRUE	HMDB0000036	C05122
REV_NEG_taurodeoxycholate	taurodeoxycholate	TRUE	HMDB0000896	C05463
REV_NEG_taurohyodeoxycholate/tauroursodeoxycholate	taurohyodeoxycholate/tauroursodeoxycholate	FALSE	NA	NA
REV_NEG_taurolithocholate	taurolithocholate	TRUE	HMDB0000722	C02592
REV_NEG_tetradecanedioate	tetradecanedioate	TRUE	HMDB0000872	C11002
HILIC_NEG_tetrahydro-1-methyl-beta-carboline-3-carboxylate	tetrahydro-1-methyl-beta-carboline-3-carboxylate	FALSE	HMDB0037942	NA
REV_NEG_theophylline	theophylline	FALSE	HMDB0001889	C07130
HILIC_NEG_theophylline	theophylline	FALSE	HMDB0001889	C07130
HILIC_POS_thiamine	thiamine	TRUE	HMDB0000235	C00378
HILIC_NEG_threonine	threonine	FALSE	HMDB0000167	C00188
HILIC_POS_threonine	threonine	FALSE	HMDB0000167	C00188
HILIC_POS_thymidine	thymidine	TRUE	HMDB0000273	C00214
HILIC_NEG_thymine	thymine	TRUE	HMDB0000262	C00178
HILIC_NEG_thymine-d4	thymine-d4	TRUE	NA	NA
HILIC_POS_trimethylamine-N-oxide	trimethylamine-N-oxide	TRUE	HMDB0000925	C01104
HILIC_NEG_tryptophan	tryptophan	FALSE	HMDB0000929	C00078
HILIC_POS_tryptophan	tryptophan	FALSE	HMDB0000929	C00078
HILIC_POS_tyramine	tyramine	TRUE	HMDB0000306	C00483
HILIC_NEG_tyrosine	tyrosine	FALSE	HMDB0000158	C00082
HILIC_POS_tyrosine	tyrosine	FALSE	HMDB0000158	C00082
REV_NEG_undecanedionate	undecanedionate	TRUE	HMDB0000888	NA
HILIC_NEG_uracil	uracil	TRUE	HMDB0000300	C00106
HILIC_NEG_urate	urate	TRUE	HMDB0000289	C00366
HILIC_NEG_uridine	uridine	TRUE	HMDB0000296	C00299
REV_NEG_urobilin	urobilin	TRUE	HMDB0004160	C05794
HILIC_POS_urocanic acid	urocanic acid	TRUE	HMDB0000301	C00785
HILIC_POS_valine	valine	TRUE	HMDB0000883	C00183
HILIC_POS_valine-d8	valine-d8	TRUE	NA	NA
HILIC_NEG_xanthine	xanthine	FALSE	HMDB0000292	C00385
HILIC_POS_xanthine	xanthine	FALSE	HMDB0000292	C00385
HILIC_POS_xanthosine	xanthosine	TRUE	HMDB0000299	C01762
HILIC_NEG_xanthurenate	xanthurenate	TRUE	HMDB0000881	C02470
HILIC_NEG_xylose	xylose	TRUE	HMDB0000098	C00181
